biosample	scE2G_multiome	scE2G_ATAC	scABC	ABC_distanceToTSS	STARE	SCENT	SnapATAC	Signac	Cicero	FigR	ScenicPlus	DIRECTNET	ArchR
K562_Xu	/oak/stanford/groups/engreitz/Users/sheth/sc-E2G/results/2024_0530_downsample_qnorm/all_cells_all_atac/multiome_7features_temp/encode_e2g_predictions.tsv.gz	/oak/stanford/groups/engreitz/Users/sheth/sc-E2G/results/2024_0530_downsample_qnorm/all_cells_all_atac/scATAC_6features_temp/encode_e2g_predictions.tsv.gz	/oak/stanford/groups/engreitz/Users/sheth/sc-E2G/results/2024_0530_downsample_qnorm/all_cells_all_atac/scATAC_6features_temp/encode_e2g_predictions.tsv.gz	/oak/stanford/groups/engreitz/Users/sheth/sc-E2G/results/2024_0530_downsample_qnorm/all_cells_all_atac/scATAC_6features_temp/encode_e2g_predictions.tsv.gz	/oak/stanford/groups/engreitz/Projects/scE2G/data/Genome_wide_1Mb_prediction/K562_Xu/STARE/pairs.STARE.res.tsv.gz	/oak/stanford/groups/engreitz/Projects/scE2G/data/Genome_wide_1Mb_prediction/K562_Xu/SCENT/pairs.E2G.res.500.FDR.tsv.gz	/oak/stanford/groups/engreitz/Projects/scE2G/data/Genome_wide_1Mb_prediction/K562_Xu/SnapATAC/pairs.E2G.res.tsv.gz	/oak/stanford/groups/engreitz/Projects/scE2G/data/Genome_wide_1Mb_prediction/K562_Xu/Signac/pairs.E2G.res.tsv.gz	/oak/stanford/groups/engreitz/Projects/scE2G/data/Genome_wide_1Mb_prediction/K562_Xu/Cicero/pairs.E2G.res.tsv.gz	/oak/stanford/groups/engreitz/Projects/scE2G/data/Genome_wide_1Mb_prediction/K562_Xu/FigR/pairs.E2G.res.tsv.gz	/oak/stanford/groups/engreitz/Projects/scE2G/data/Genome_wide_1Mb_prediction/K562_Xu/ScenicPlus/pairs.E2G.res.1000000.tsv.gz	/oak/stanford/groups/engreitz/Users/sheth/scE2G_analysis/2024_0623_CTS_predictions/binarized/BMMC/DIRECTNET/K562_Xu.pairs.E2G.res.tsv.gz	/oak/stanford/groups/engreitz/Users/sheth/scE2G_analysis/2024_0623_CTS_predictions/binarized/BMMC/ArchR/K562_Xu.pairs.E2G.res.tsv.gz
K562_IGVF	/oak/stanford/groups/engreitz/Projects/scE2G/data/Genome_wide_1Mb_prediction/K562_IGVF_filter/scE2G_ARC_ABC_Kendall/encode_e2g_predictions.multiome_7features.tsv.gz	/oak/stanford/groups/engreitz/Projects/scE2G/data/Genome_wide_1Mb_prediction/K562_IGVF_filter/scE2G_ARC_ABC_Kendall/encode_e2g_predictions.scATAC_6features.tsv.gz	/oak/stanford/groups/engreitz/Projects/scE2G/data/Genome_wide_1Mb_prediction/K562_IGVF_filter/scE2G_ARC_ABC_Kendall/encode_e2g_predictions.scATAC_6features.tsv.gz	/oak/stanford/groups/engreitz/Projects/scE2G/data/Genome_wide_1Mb_prediction/K562_IGVF_filter/scE2G_ARC_ABC_Kendall/encode_e2g_predictions.scATAC_6features.tsv.gz	/oak/stanford/groups/engreitz/Projects/scE2G/data/Genome_wide_1Mb_prediction/K562_IGVF_filter/STARE/pairs.STARE.res.tsv.gz	/oak/stanford/groups/engreitz/Projects/scE2G/data/Genome_wide_1Mb_prediction/K562_IGVF_filter/SCENT/pairs.E2G.res.500.FDR.tsv.gz	/oak/stanford/groups/engreitz/Projects/scE2G/data/Genome_wide_1Mb_prediction/K562_IGVF_filter/SnapATAC/pairs.E2G.res.tsv.gz	/oak/stanford/groups/engreitz/Projects/scE2G/data/Genome_wide_1Mb_prediction/K562_IGVF_filter/Signac/pairs.E2G.res.tsv.gz	/oak/stanford/groups/engreitz/Projects/scE2G/data/Genome_wide_1Mb_prediction/K562_IGVF_filter/Cicero/pairs.E2G.res.tsv.gz	/oak/stanford/groups/engreitz/Projects/scE2G/data/Genome_wide_1Mb_prediction/K562_IGVF_filter/FigR/pairs.E2G.res.tsv.gz	/oak/stanford/groups/engreitz/Projects/scE2G/data/Genome_wide_1Mb_prediction/K562_IGVF_filter/ScenicPlus/pairs.E2G.res.1000000.tsv.gz	/oak/stanford/groups/engreitz/Users/sheth/scE2G_analysis/2024_0623_CTS_predictions/binarized/BMMC/DIRECTNET/K562_IGVF.pairs.E2G.res.tsv.gz	/oak/stanford/groups/engreitz/Users/sheth/scE2G_analysis/2024_0623_CTS_predictions/binarized/BMMC/ArchR/K562_IGVF.pairs.E2G.res.tsv.gz
K562_Wang	/oak/stanford/groups/engreitz/Users/sheth/sc-E2G/results/2024_0530_downsample_qnorm/K562_Wang/multiome_7features_temp/encode_e2g_predictions.tsv.gz	/oak/stanford/groups/engreitz/Users/sheth/sc-E2G/results/2024_0530_downsample_qnorm/K562_Wang/scATAC_6features_temp/encode_e2g_predictions.tsv.gz	/oak/stanford/groups/engreitz/Users/sheth/sc-E2G/results/2024_0530_downsample_qnorm/K562_Wang/scATAC_6features_temp/encode_e2g_predictions.tsv.gz	/oak/stanford/groups/engreitz/Users/sheth/sc-E2G/results/2024_0530_downsample_qnorm/K562_Wang/scATAC_6features_temp/encode_e2g_predictions.tsv.gz	/oak/stanford/groups/engreitz/Projects/scE2G/data/Genome_wide_1Mb_prediction/K562_Wang/STARE/pairs.STARE.res.tsv.gz	/oak/stanford/groups/engreitz/Projects/scE2G/data/Genome_wide_1Mb_prediction/K562_Wang/SCENT/pairs.E2G.res.500.FDR.tsv.gz	/oak/stanford/groups/engreitz/Projects/scE2G/data/Genome_wide_1Mb_prediction/K562_Wang/SnapATAC/pairs.E2G.res.tsv.gz	/oak/stanford/groups/engreitz/Projects/scE2G/data/Genome_wide_1Mb_prediction/K562_Wang/Signac/pairs.E2G.res.tsv.gz	/oak/stanford/groups/engreitz/Projects/scE2G/data/Genome_wide_1Mb_prediction/K562_Wang/Cicero/pairs.E2G.res.tsv.gz	/oak/stanford/groups/engreitz/Projects/scE2G/data/Genome_wide_1Mb_prediction/K562_Wang/FigR/pairs.E2G.res.tsv.gz	/oak/stanford/groups/engreitz/Projects/scE2G/data/Genome_wide_1Mb_prediction/K562_Wang/ScenicPlus/pairs.E2G.res.1000000.tsv.gz	/oak/stanford/groups/engreitz/Users/sheth/scE2G_analysis/2024_0623_CTS_predictions/binarized/BMMC/DIRECTNET/K562_Wang.pairs.E2G.res.tsv.gz	/oak/stanford/groups/engreitz/Users/sheth/scE2G_analysis/2024_0623_CTS_predictions/binarized/BMMC/ArchR/K562_Wang.pairs.E2G.res.tsv.gz
GM12878	/oak/stanford/groups/engreitz/Users/sheth/sc-E2G/results/2024_0615_10X_GM12878/10X_GM12878/multiome_7features/encode_e2g_predictions.tsv.gz	/oak/stanford/groups/engreitz/Users/sheth/sc-E2G/results/2024_0615_10X_GM12878/10X_GM12878/scATAC_6features/encode_e2g_predictions.tsv.gz	/oak/stanford/groups/engreitz/Users/sheth/sc-E2G/results/2024_0615_10X_GM12878/10X_GM12878/scATAC_6features/encode_e2g_predictions.tsv.gz	/oak/stanford/groups/engreitz/Users/sheth/sc-E2G/results/2024_0615_10X_GM12878/10X_GM12878/scATAC_6features/encode_e2g_predictions.tsv.gz	/oak/stanford/groups/engreitz/Projects/scE2G/data/Genome_wide_1Mb_prediction/GM12878/STARE/pairs.STARE.res.tsv.gz	/oak/stanford/groups/engreitz/Projects/scE2G/data/Genome_wide_1Mb_prediction/GM12878/SCENT/pairs.E2G.res.500.FDR.tsv.gz	/oak/stanford/groups/engreitz/Projects/scE2G/data/Genome_wide_1Mb_prediction/GM12878/SnapATAC/pairs.E2G.res.tsv.gz	/oak/stanford/groups/engreitz/Projects/scE2G/data/Genome_wide_1Mb_prediction/GM12878/Signac/pairs.E2G.res.tsv.gz	/oak/stanford/groups/engreitz/Projects/scE2G/data/Genome_wide_1Mb_prediction/GM12878/Cicero/pairs.E2G.res.tsv.gz	/oak/stanford/groups/engreitz/Projects/scE2G/data/Genome_wide_1Mb_prediction/GM12878/FigR/pairs.E2G.res.tsv.gz	/oak/stanford/groups/engreitz/Projects/scE2G/data/Genome_wide_1Mb_prediction/GM12878/ScenicPlus/pairs.E2G.res.1000000.tsv.gz	/oak/stanford/groups/engreitz/Users/sheth/scE2G_analysis/2024_0623_CTS_predictions/binarized/GM12878/DIRECTNET/GM12878.pairs.E2G.res.tsv.gz	/oak/stanford/groups/engreitz/Users/sheth/scE2G_analysis/2024_0623_CTS_predictions/binarized/GM12878/ArchR/GM12878.pairs.E2G.res.tsv.gz
BMMC5_B	/oak/stanford/groups/engreitz/Users/sheth/sc-E2G/results/2024_0610_BMMC_qnorm/B_supergroup/multiome_7features/encode_e2g_predictions.tsv.gz	/oak/stanford/groups/engreitz/Users/sheth/sc-E2G/results/2024_0610_BMMC_qnorm/B_supergroup/scATAC_6features/encode_e2g_predictions.tsv.gz	/oak/stanford/groups/engreitz/Users/sheth/sc-E2G/results/2024_0610_BMMC_qnorm/B_supergroup/scATAC_6features/encode_e2g_predictions.tsv.gz	/oak/stanford/groups/engreitz/Users/sheth/sc-E2G/results/2024_0610_BMMC_qnorm/B_supergroup/scATAC_6features/encode_e2g_predictions.tsv.gz	/oak/stanford/groups/engreitz/Projects/scE2G/data/Genome_wide_1Mb_prediction/BMMC/STARE/B/pairs.STARE.res.B.tsv.gz	/oak/stanford/groups/engreitz/Projects/scE2G/data/Genome_wide_1Mb_prediction/BMMC/SCENT/B/pairs.E2G.res.500.FDR.tsv.gz	/oak/stanford/groups/engreitz/Users/sheth/scE2G_analysis/2024_0623_CTS_predictions/BMMC5/SnapATAC/B.pairs.E2G.res.tsv.gz	/oak/stanford/groups/engreitz/Users/sheth/scE2G_analysis/2024_0623_CTS_predictions/BMMC5/Signac/B.pairs.E2G.res.tsv.gz	/oak/stanford/groups/engreitz/Users/sheth/scE2G_analysis/2024_0623_CTS_predictions/BMMC5/Cicero/B.pairs.E2G.res.tsv.gz	/oak/stanford/groups/engreitz/Users/sheth/scE2G_analysis/2024_0623_CTS_predictions/BMMC5/FigR/B.pairs.E2G.res.tsv.gz	/oak/stanford/groups/engreitz/Users/sheth/scE2G_analysis/2024_0623_CTS_predictions/BMMC5/ScenicPlus/B.pairs.E2G.res.tsv.gz	/oak/stanford/groups/engreitz/Users/sheth/scE2G_analysis/2024_0623_CTS_predictions/binarized/BMMC/DIRECTNET/B.pairs.E2G.res.tsv.gz	/oak/stanford/groups/engreitz/Users/sheth/scE2G_analysis/2024_0623_CTS_predictions/binarized/BMMC/ArchR/B.pairs.E2G.res.tsv.gz
BMMC5_T	/oak/stanford/groups/engreitz/Users/sheth/sc-E2G/results/2024_0610_BMMC_qnorm/T_supergroup/multiome_7features/encode_e2g_predictions.tsv.gz	/oak/stanford/groups/engreitz/Users/sheth/sc-E2G/results/2024_0610_BMMC_qnorm/T_supergroup/scATAC_6features/encode_e2g_predictions.tsv.gz	/oak/stanford/groups/engreitz/Users/sheth/sc-E2G/results/2024_0610_BMMC_qnorm/T_supergroup/scATAC_6features/encode_e2g_predictions.tsv.gz	/oak/stanford/groups/engreitz/Users/sheth/sc-E2G/results/2024_0610_BMMC_qnorm/T_supergroup/scATAC_6features/encode_e2g_predictions.tsv.gz	/oak/stanford/groups/engreitz/Projects/scE2G/data/Genome_wide_1Mb_prediction/BMMC/STARE/T/pairs.STARE.res.T.tsv.gz	/oak/stanford/groups/engreitz/Projects/scE2G/data/Genome_wide_1Mb_prediction/BMMC/SCENT/T/pairs.E2G.res.500.tsv.FDR.gz	/oak/stanford/groups/engreitz/Users/sheth/scE2G_analysis/2024_0623_CTS_predictions/BMMC5/SnapATAC/T.pairs.E2G.res.tsv.gz	/oak/stanford/groups/engreitz/Users/sheth/scE2G_analysis/2024_0623_CTS_predictions/BMMC5/Signac/T.pairs.E2G.res.tsv.gz	/oak/stanford/groups/engreitz/Users/sheth/scE2G_analysis/2024_0623_CTS_predictions/BMMC5/Cicero/T.pairs.E2G.res.tsv.gz	/oak/stanford/groups/engreitz/Users/sheth/scE2G_analysis/2024_0623_CTS_predictions/BMMC5/FigR/T.pairs.E2G.res.tsv.gz	/oak/stanford/groups/engreitz/Users/sheth/scE2G_analysis/2024_0623_CTS_predictions/BMMC5/ScenicPlus/T.pairs.E2G.res.tsv.gz	/oak/stanford/groups/engreitz/Users/sheth/scE2G_analysis/2024_0623_CTS_predictions/binarized/BMMC/DIRECTNET/T.pairs.E2G.res.tsv.gz	/oak/stanford/groups/engreitz/Users/sheth/scE2G_analysis/2024_0623_CTS_predictions/binarized/BMMC/ArchR/T.pairs.E2G.res.tsv.gz
BMMC5_Myeloid	/oak/stanford/groups/engreitz/Users/sheth/sc-E2G/results/2024_0610_BMMC_qnorm/Myeloid_supergroup/multiome_7features/encode_e2g_predictions.tsv.gz	/oak/stanford/groups/engreitz/Users/sheth/sc-E2G/results/2024_0610_BMMC_qnorm/Myeloid_supergroup/scATAC_6features/encode_e2g_predictions.tsv.gz	/oak/stanford/groups/engreitz/Users/sheth/sc-E2G/results/2024_0610_BMMC_qnorm/Myeloid_supergroup/scATAC_6features/encode_e2g_predictions.tsv.gz	/oak/stanford/groups/engreitz/Users/sheth/sc-E2G/results/2024_0610_BMMC_qnorm/Myeloid_supergroup/scATAC_6features/encode_e2g_predictions.tsv.gz	/oak/stanford/groups/engreitz/Projects/scE2G/data/Genome_wide_1Mb_prediction/BMMC/STARE/Myeloid/pairs.STARE.res.Myeloid.tsv.gz	/oak/stanford/groups/engreitz/Projects/scE2G/data/Genome_wide_1Mb_prediction/BMMC/SCENT/Myeloid/pairs.E2G.res.500.FDR.tsv.gz	/oak/stanford/groups/engreitz/Users/sheth/scE2G_analysis/2024_0623_CTS_predictions/BMMC5/SnapATAC/Myeloid.pairs.E2G.res.tsv.gz	/oak/stanford/groups/engreitz/Users/sheth/scE2G_analysis/2024_0623_CTS_predictions/BMMC5/Signac/Myeloid.pairs.E2G.res.tsv.gz	/oak/stanford/groups/engreitz/Users/sheth/scE2G_analysis/2024_0623_CTS_predictions/BMMC5/Cicero/Myeloid.pairs.E2G.res.tsv.gz	/oak/stanford/groups/engreitz/Users/sheth/scE2G_analysis/2024_0623_CTS_predictions/BMMC5/FigR/Myeloid.pairs.E2G.res.tsv.gz	/oak/stanford/groups/engreitz/Users/sheth/scE2G_analysis/2024_0623_CTS_predictions/BMMC5/ScenicPlus/Myeloid.pairs.E2G.res.tsv.gz	/oak/stanford/groups/engreitz/Users/sheth/scE2G_analysis/2024_0623_CTS_predictions/binarized/BMMC/DIRECTNET/Myeloid.pairs.E2G.res.tsv.gz	/oak/stanford/groups/engreitz/Users/sheth/scE2G_analysis/2024_0623_CTS_predictions/binarized/BMMC/ArchR/Myeloid.pairs.E2G.res.tsv.gz
BMMC5_Dendritic	/oak/stanford/groups/engreitz/Users/sheth/sc-E2G/results/2024_0610_BMMC_qnorm/Dendritic_supergroup/multiome_7features/encode_e2g_predictions.tsv.gz	/oak/stanford/groups/engreitz/Users/sheth/sc-E2G/results/2024_0610_BMMC_qnorm/Dendritic_supergroup/scATAC_6features/encode_e2g_predictions.tsv.gz	/oak/stanford/groups/engreitz/Users/sheth/sc-E2G/results/2024_0610_BMMC_qnorm/Dendritic_supergroup/scATAC_6features/encode_e2g_predictions.tsv.gz	/oak/stanford/groups/engreitz/Users/sheth/sc-E2G/results/2024_0610_BMMC_qnorm/Dendritic_supergroup/scATAC_6features/encode_e2g_predictions.tsv.gz	/oak/stanford/groups/engreitz/Projects/scE2G/data/Genome_wide_1Mb_prediction/BMMC/STARE/Dendritic/pairs.STARE.res.Dendritic.tsv.gz	/oak/stanford/groups/engreitz/Projects/scE2G/data/Genome_wide_1Mb_prediction/BMMC/SCENT/Dendritic/pairs.E2G.res.500.FDR.tsv.gz	/oak/stanford/groups/engreitz/Users/sheth/scE2G_analysis/2024_0623_CTS_predictions/BMMC5/SnapATAC/Dendritic.pairs.E2G.res.tsv.gz	/oak/stanford/groups/engreitz/Users/sheth/scE2G_analysis/2024_0623_CTS_predictions/BMMC5/Signac/Dendritic.pairs.E2G.res.tsv.gz	/oak/stanford/groups/engreitz/Users/sheth/scE2G_analysis/2024_0623_CTS_predictions/BMMC5/Cicero/Dendritic.pairs.E2G.res.tsv.gz	/oak/stanford/groups/engreitz/Users/sheth/scE2G_analysis/2024_0623_CTS_predictions/BMMC5/FigR/Dendritic.pairs.E2G.res.tsv.gz	/oak/stanford/groups/engreitz/Users/sheth/scE2G_analysis/2024_0623_CTS_predictions/BMMC5/ScenicPlus/Dendritic.pairs.E2G.res.tsv.gz	/oak/stanford/groups/engreitz/Users/sheth/scE2G_analysis/2024_0623_CTS_predictions/binarized/BMMC/DIRECTNET/Dendritic.pairs.E2G.res.tsv.gz	/oak/stanford/groups/engreitz/Users/sheth/scE2G_analysis/2024_0623_CTS_predictions/binarized/BMMC/ArchR/Dendritic.pairs.E2G.res.tsv.gz
BMMC5_Erythroid	/oak/stanford/groups/engreitz/Users/sheth/sc-E2G/results/2024_0610_BMMC_qnorm/Erythroid_supergroup/multiome_7features/encode_e2g_predictions.tsv.gz	/oak/stanford/groups/engreitz/Users/sheth/sc-E2G/results/2024_0610_BMMC_qnorm/Erythroid_supergroup/scATAC_6features/encode_e2g_predictions.tsv.gz	/oak/stanford/groups/engreitz/Users/sheth/sc-E2G/results/2024_0610_BMMC_qnorm/Erythroid_supergroup/scATAC_6features/encode_e2g_predictions.tsv.gz	/oak/stanford/groups/engreitz/Users/sheth/sc-E2G/results/2024_0610_BMMC_qnorm/Erythroid_supergroup/scATAC_6features/encode_e2g_predictions.tsv.gz	/oak/stanford/groups/engreitz/Projects/scE2G/data/Genome_wide_1Mb_prediction/BMMC/STARE/Erythroid/pairs.STARE.res.Erythroid.tsv.gz	/oak/stanford/groups/engreitz/Projects/scE2G/data/Genome_wide_1Mb_prediction/BMMC/SCENT/Erythroid/pairs.E2G.res.500.FDR.tsv.gz	/oak/stanford/groups/engreitz/Users/sheth/scE2G_analysis/2024_0623_CTS_predictions/BMMC5/SnapATAC/Erythroid.pairs.E2G.res.tsv.gz	/oak/stanford/groups/engreitz/Users/sheth/scE2G_analysis/2024_0623_CTS_predictions/BMMC5/Signac/Erythroid.pairs.E2G.res.tsv.gz	/oak/stanford/groups/engreitz/Users/sheth/scE2G_analysis/2024_0623_CTS_predictions/BMMC5/Cicero/Erythroid.pairs.E2G.res.tsv.gz	/oak/stanford/groups/engreitz/Users/sheth/scE2G_analysis/2024_0623_CTS_predictions/BMMC5/FigR/Erythroid.pairs.E2G.res.tsv.gz	/oak/stanford/groups/engreitz/Users/sheth/scE2G_analysis/2024_0623_CTS_predictions/BMMC5/ScenicPlus/Erythroid.pairs.E2G.res.tsv.gz	/oak/stanford/groups/engreitz/Users/sheth/scE2G_analysis/2024_0623_CTS_predictions/binarized/BMMC/DIRECTNET/Erythroid.pairs.E2G.res.tsv.gz	/oak/stanford/groups/engreitz/Users/sheth/scE2G_analysis/2024_0623_CTS_predictions/binarized/BMMC/ArchR/Erythroid.pairs.E2G.res.tsv.gz
BMMC22_B1_B	/oak/stanford/groups/engreitz/Users/sheth/sc-E2G/results/2024_0610_BMMC_qnorm/B1_B/multiome_7features/encode_e2g_predictions.tsv.gz	/oak/stanford/groups/engreitz/Users/sheth/sc-E2G/results/2024_0610_BMMC_qnorm/B1_B/scATAC_6features/encode_e2g_predictions.tsv.gz	/oak/stanford/groups/engreitz/Users/sheth/sc-E2G/results/2024_0610_BMMC_qnorm/B1_B/scATAC_6features/encode_e2g_predictions.tsv.gz	/oak/stanford/groups/engreitz/Users/sheth/sc-E2G/results/2024_0610_BMMC_qnorm/B1_B/scATAC_6features/encode_e2g_predictions.tsv.gz			/oak/stanford/groups/engreitz/Users/sheth/scE2G_analysis/2024_0623_CTS_predictions/BMMC22/SnapATAC/B1_B.pairs.E2G.res.tsv.gz	/oak/stanford/groups/engreitz/Users/sheth/scE2G_analysis/2024_0623_CTS_predictions/BMMC22/Signac/B1_B.pairs.E2G.res.tsv.gz	/oak/stanford/groups/engreitz/Users/sheth/scE2G_analysis/2024_0623_CTS_predictions/BMMC22/Cicero/B1_B.pairs.E2G.res.tsv.gz	/oak/stanford/groups/engreitz/Users/sheth/scE2G_analysis/2024_0623_CTS_predictions/BMMC22/FigR/B1_B.pairs.E2G.res.tsv.gz	/oak/stanford/groups/engreitz/Users/sheth/scE2G_analysis/2024_0623_CTS_predictions/BMMC22/ScenicPlus/B1_B.pairs.E2G.res.tsv.gz	/oak/stanford/groups/engreitz/Users/sheth/scE2G_analysis/2024_0623_CTS_predictions/binarized/BMMC/DIRECTNET/B1_B.pairs.E2G.res.tsv.gz	/oak/stanford/groups/engreitz/Users/sheth/scE2G_analysis/2024_0623_CTS_predictions/binarized/BMMC/ArchR/B1_B.pairs.E2G.res.tsv.gz
BMMC22_CD4_pos_T_activated	/oak/stanford/groups/engreitz/Users/sheth/sc-E2G/results/2024_0610_BMMC_qnorm/CD4_pos_T_activated/multiome_7features/encode_e2g_predictions.tsv.gz	/oak/stanford/groups/engreitz/Users/sheth/sc-E2G/results/2024_0610_BMMC_qnorm/CD4_pos_T_activated/scATAC_6features/encode_e2g_predictions.tsv.gz	/oak/stanford/groups/engreitz/Users/sheth/sc-E2G/results/2024_0610_BMMC_qnorm/CD4_pos_T_activated/scATAC_6features/encode_e2g_predictions.tsv.gz	/oak/stanford/groups/engreitz/Users/sheth/sc-E2G/results/2024_0610_BMMC_qnorm/CD4_pos_T_activated/scATAC_6features/encode_e2g_predictions.tsv.gz			/oak/stanford/groups/engreitz/Users/sheth/scE2G_analysis/2024_0623_CTS_predictions/BMMC22/SnapATAC/CD4_pos_T_activated.pairs.E2G.res.tsv.gz	/oak/stanford/groups/engreitz/Users/sheth/scE2G_analysis/2024_0623_CTS_predictions/BMMC22/Signac/CD4_pos_T_activated.pairs.E2G.res.tsv.gz	/oak/stanford/groups/engreitz/Users/sheth/scE2G_analysis/2024_0623_CTS_predictions/BMMC22/Cicero/CD4_pos_T_activated.pairs.E2G.res.tsv.gz	/oak/stanford/groups/engreitz/Users/sheth/scE2G_analysis/2024_0623_CTS_predictions/BMMC22/FigR/CD4_pos_T_activated.pairs.E2G.res.tsv.gz	/oak/stanford/groups/engreitz/Users/sheth/scE2G_analysis/2024_0623_CTS_predictions/BMMC22/ScenicPlus/CD4_pos_T_activated.pairs.E2G.res.tsv.gz	/oak/stanford/groups/engreitz/Users/sheth/scE2G_analysis/2024_0623_CTS_predictions/binarized/BMMC/DIRECTNET/CD4_pos_T_activated.pairs.E2G.res.tsv.gz	/oak/stanford/groups/engreitz/Users/sheth/scE2G_analysis/2024_0623_CTS_predictions/binarized/BMMC/ArchR/CD4_pos_T_activated.pairs.E2G.res.tsv.gz
BMMC22_CD4_pos_T_naive	/oak/stanford/groups/engreitz/Users/sheth/sc-E2G/results/2024_0610_BMMC_qnorm/CD4_pos_T_naive/multiome_7features/encode_e2g_predictions.tsv.gz	/oak/stanford/groups/engreitz/Users/sheth/sc-E2G/results/2024_0610_BMMC_qnorm/CD4_pos_T_naive/scATAC_6features/encode_e2g_predictions.tsv.gz	/oak/stanford/groups/engreitz/Users/sheth/sc-E2G/results/2024_0610_BMMC_qnorm/CD4_pos_T_naive/scATAC_6features/encode_e2g_predictions.tsv.gz	/oak/stanford/groups/engreitz/Users/sheth/sc-E2G/results/2024_0610_BMMC_qnorm/CD4_pos_T_naive/scATAC_6features/encode_e2g_predictions.tsv.gz			/oak/stanford/groups/engreitz/Users/sheth/scE2G_analysis/2024_0623_CTS_predictions/BMMC22/SnapATAC/CD4_pos_T_naive.pairs.E2G.res.tsv.gz	/oak/stanford/groups/engreitz/Users/sheth/scE2G_analysis/2024_0623_CTS_predictions/BMMC22/Signac/CD4_pos_T_naive.pairs.E2G.res.tsv.gz	/oak/stanford/groups/engreitz/Users/sheth/scE2G_analysis/2024_0623_CTS_predictions/BMMC22/Cicero/CD4_pos_T_naive.pairs.E2G.res.tsv.gz	/oak/stanford/groups/engreitz/Users/sheth/scE2G_analysis/2024_0623_CTS_predictions/BMMC22/FigR/CD4_pos_T_naive.pairs.E2G.res.tsv.gz	/oak/stanford/groups/engreitz/Users/sheth/scE2G_analysis/2024_0623_CTS_predictions/BMMC22/ScenicPlus/CD4_pos_T_naive.pairs.E2G.res.tsv.gz	/oak/stanford/groups/engreitz/Users/sheth/scE2G_analysis/2024_0623_CTS_predictions/binarized/BMMC/DIRECTNET/CD4_pos_T_naive.pairs.E2G.res.tsv.gz	/oak/stanford/groups/engreitz/Users/sheth/scE2G_analysis/2024_0623_CTS_predictions/binarized/BMMC/ArchR/CD4_pos_T_naive.pairs.E2G.res.tsv.gz
BMMC22_CD8_pos_T	/oak/stanford/groups/engreitz/Users/sheth/sc-E2G/results/2024_0610_BMMC_qnorm/CD8_pos_T/multiome_7features/encode_e2g_predictions.tsv.gz	/oak/stanford/groups/engreitz/Users/sheth/sc-E2G/results/2024_0610_BMMC_qnorm/CD8_pos_T/scATAC_6features/encode_e2g_predictions.tsv.gz	/oak/stanford/groups/engreitz/Users/sheth/sc-E2G/results/2024_0610_BMMC_qnorm/CD8_pos_T/scATAC_6features/encode_e2g_predictions.tsv.gz	/oak/stanford/groups/engreitz/Users/sheth/sc-E2G/results/2024_0610_BMMC_qnorm/CD8_pos_T/scATAC_6features/encode_e2g_predictions.tsv.gz			/oak/stanford/groups/engreitz/Users/sheth/scE2G_analysis/2024_0623_CTS_predictions/BMMC22/SnapATAC/CD8_pos_T.pairs.E2G.res.tsv.gz	/oak/stanford/groups/engreitz/Users/sheth/scE2G_analysis/2024_0623_CTS_predictions/BMMC22/Signac/CD8_pos_T.pairs.E2G.res.tsv.gz	/oak/stanford/groups/engreitz/Users/sheth/scE2G_analysis/2024_0623_CTS_predictions/BMMC22/Cicero/CD8_pos_T.pairs.E2G.res.tsv.gz	/oak/stanford/groups/engreitz/Users/sheth/scE2G_analysis/2024_0623_CTS_predictions/BMMC22/FigR/CD8_pos_T.pairs.E2G.res.tsv.gz	/oak/stanford/groups/engreitz/Users/sheth/scE2G_analysis/2024_0623_CTS_predictions/BMMC22/ScenicPlus/CD8_pos_T.pairs.E2G.res.tsv.gz	/oak/stanford/groups/engreitz/Users/sheth/scE2G_analysis/2024_0623_CTS_predictions/binarized/BMMC/DIRECTNET/CD8_pos_T.pairs.E2G.res.tsv.gz	/oak/stanford/groups/engreitz/Users/sheth/scE2G_analysis/2024_0623_CTS_predictions/binarized/BMMC/ArchR/CD8_pos_T.pairs.E2G.res.tsv.gz
BMMC22_CD8_pos_T_naive	/oak/stanford/groups/engreitz/Users/sheth/sc-E2G/results/2024_0610_BMMC_qnorm/CD8_pos_T_naive/multiome_7features/encode_e2g_predictions.tsv.gz	/oak/stanford/groups/engreitz/Users/sheth/sc-E2G/results/2024_0610_BMMC_qnorm/CD8_pos_T_naive/scATAC_6features/encode_e2g_predictions.tsv.gz	/oak/stanford/groups/engreitz/Users/sheth/sc-E2G/results/2024_0610_BMMC_qnorm/CD8_pos_T_naive/scATAC_6features/encode_e2g_predictions.tsv.gz	/oak/stanford/groups/engreitz/Users/sheth/sc-E2G/results/2024_0610_BMMC_qnorm/CD8_pos_T_naive/scATAC_6features/encode_e2g_predictions.tsv.gz			/oak/stanford/groups/engreitz/Users/sheth/scE2G_analysis/2024_0623_CTS_predictions/BMMC22/SnapATAC/CD8_pos_T_naive.pairs.E2G.res.tsv.gz	/oak/stanford/groups/engreitz/Users/sheth/scE2G_analysis/2024_0623_CTS_predictions/BMMC22/Signac/CD8_pos_T_naive.pairs.E2G.res.tsv.gz	/oak/stanford/groups/engreitz/Users/sheth/scE2G_analysis/2024_0623_CTS_predictions/BMMC22/Cicero/CD8_pos_T_naive.pairs.E2G.res.tsv.gz	/oak/stanford/groups/engreitz/Users/sheth/scE2G_analysis/2024_0623_CTS_predictions/BMMC22/FigR/CD8_pos_T_naive.pairs.E2G.res.tsv.gz	/oak/stanford/groups/engreitz/Users/sheth/scE2G_analysis/2024_0623_CTS_predictions/BMMC22/ScenicPlus/CD8_pos_T_naive.pairs.E2G.res.tsv.gz	/oak/stanford/groups/engreitz/Users/sheth/scE2G_analysis/2024_0623_CTS_predictions/binarized/BMMC/DIRECTNET/CD8_pos_T_naive.pairs.E2G.res.tsv.gz	/oak/stanford/groups/engreitz/Users/sheth/scE2G_analysis/2024_0623_CTS_predictions/binarized/BMMC/ArchR/CD8_pos_T_naive.pairs.E2G.res.tsv.gz
BMMC22_CD14_pos_Mono	/oak/stanford/groups/engreitz/Users/sheth/sc-E2G/results/2024_0610_BMMC_qnorm/CD14_pos_Mono/multiome_7features/encode_e2g_predictions.tsv.gz	/oak/stanford/groups/engreitz/Users/sheth/sc-E2G/results/2024_0610_BMMC_qnorm/CD14_pos_Mono/scATAC_6features/encode_e2g_predictions.tsv.gz	/oak/stanford/groups/engreitz/Users/sheth/sc-E2G/results/2024_0610_BMMC_qnorm/CD14_pos_Mono/scATAC_6features/encode_e2g_predictions.tsv.gz	/oak/stanford/groups/engreitz/Users/sheth/sc-E2G/results/2024_0610_BMMC_qnorm/CD14_pos_Mono/scATAC_6features/encode_e2g_predictions.tsv.gz			/oak/stanford/groups/engreitz/Users/sheth/scE2G_analysis/2024_0623_CTS_predictions/BMMC22/SnapATAC/CD14_pos_Mono.pairs.E2G.res.tsv.gz	/oak/stanford/groups/engreitz/Users/sheth/scE2G_analysis/2024_0623_CTS_predictions/BMMC22/Signac/CD14_pos_Mono.pairs.E2G.res.tsv.gz	/oak/stanford/groups/engreitz/Users/sheth/scE2G_analysis/2024_0623_CTS_predictions/BMMC22/Cicero/CD14_pos_Mono.pairs.E2G.res.tsv.gz	/oak/stanford/groups/engreitz/Users/sheth/scE2G_analysis/2024_0623_CTS_predictions/BMMC22/FigR/CD14_pos_Mono.pairs.E2G.res.tsv.gz	/oak/stanford/groups/engreitz/Users/sheth/scE2G_analysis/2024_0623_CTS_predictions/BMMC22/ScenicPlus/CD14_pos_Mono.pairs.E2G.res.tsv.gz	/oak/stanford/groups/engreitz/Users/sheth/scE2G_analysis/2024_0623_CTS_predictions/binarized/BMMC/DIRECTNET/CD14_pos_Mono.pairs.E2G.res.tsv.gz	/oak/stanford/groups/engreitz/Users/sheth/scE2G_analysis/2024_0623_CTS_predictions/binarized/BMMC/ArchR/CD14_pos_Mono.pairs.E2G.res.tsv.gz
BMMC22_CD16_pos_Mono	/oak/stanford/groups/engreitz/Users/sheth/sc-E2G/results/2024_0610_BMMC_qnorm/CD16_pos_Mono/multiome_7features/encode_e2g_predictions.tsv.gz	/oak/stanford/groups/engreitz/Users/sheth/sc-E2G/results/2024_0610_BMMC_qnorm/CD16_pos_Mono/scATAC_6features/encode_e2g_predictions.tsv.gz	/oak/stanford/groups/engreitz/Users/sheth/sc-E2G/results/2024_0610_BMMC_qnorm/CD16_pos_Mono/scATAC_6features/encode_e2g_predictions.tsv.gz	/oak/stanford/groups/engreitz/Users/sheth/sc-E2G/results/2024_0610_BMMC_qnorm/CD16_pos_Mono/scATAC_6features/encode_e2g_predictions.tsv.gz			/oak/stanford/groups/engreitz/Users/sheth/scE2G_analysis/2024_0623_CTS_predictions/BMMC22/SnapATAC/CD16_pos_Mono.pairs.E2G.res.tsv.gz	/oak/stanford/groups/engreitz/Users/sheth/scE2G_analysis/2024_0623_CTS_predictions/BMMC22/Signac/CD16_pos_Mono.pairs.E2G.res.tsv.gz	/oak/stanford/groups/engreitz/Users/sheth/scE2G_analysis/2024_0623_CTS_predictions/BMMC22/Cicero/CD16_pos_Mono.pairs.E2G.res.tsv.gz	/oak/stanford/groups/engreitz/Users/sheth/scE2G_analysis/2024_0623_CTS_predictions/BMMC22/FigR/CD16_pos_Mono.pairs.E2G.res.tsv.gz	/oak/stanford/groups/engreitz/Users/sheth/scE2G_analysis/2024_0623_CTS_predictions/BMMC22/ScenicPlus/CD16_pos_Mono.pairs.E2G.res.tsv.gz	/oak/stanford/groups/engreitz/Users/sheth/scE2G_analysis/2024_0623_CTS_predictions/binarized/BMMC/DIRECTNET/CD16_pos_Mono.pairs.E2G.res.tsv.gz	/oak/stanford/groups/engreitz/Users/sheth/scE2G_analysis/2024_0623_CTS_predictions/binarized/BMMC/ArchR/CD16_pos_Mono.pairs.E2G.res.tsv.gz
BMMC22_cDC2	/oak/stanford/groups/engreitz/Users/sheth/sc-E2G/results/2024_0610_BMMC_qnorm/cDC2/multiome_7features/encode_e2g_predictions.tsv.gz	/oak/stanford/groups/engreitz/Users/sheth/sc-E2G/results/2024_0610_BMMC_qnorm/cDC2/scATAC_6features/encode_e2g_predictions.tsv.gz	/oak/stanford/groups/engreitz/Users/sheth/sc-E2G/results/2024_0610_BMMC_qnorm/cDC2/scATAC_6features/encode_e2g_predictions.tsv.gz	/oak/stanford/groups/engreitz/Users/sheth/sc-E2G/results/2024_0610_BMMC_qnorm/cDC2/scATAC_6features/encode_e2g_predictions.tsv.gz			/oak/stanford/groups/engreitz/Users/sheth/scE2G_analysis/2024_0623_CTS_predictions/BMMC22/SnapATAC/cDC2.pairs.E2G.res.tsv.gz	/oak/stanford/groups/engreitz/Users/sheth/scE2G_analysis/2024_0623_CTS_predictions/BMMC22/Signac/cDC2.pairs.E2G.res.tsv.gz	/oak/stanford/groups/engreitz/Users/sheth/scE2G_analysis/2024_0623_CTS_predictions/BMMC22/Cicero/cDC2.pairs.E2G.res.tsv.gz	/oak/stanford/groups/engreitz/Users/sheth/scE2G_analysis/2024_0623_CTS_predictions/BMMC22/FigR/cDC2.pairs.E2G.res.tsv.gz	/oak/stanford/groups/engreitz/Users/sheth/scE2G_analysis/2024_0623_CTS_predictions/BMMC22/ScenicPlus/cDC2.pairs.E2G.res.tsv.gz	/oak/stanford/groups/engreitz/Users/sheth/scE2G_analysis/2024_0623_CTS_predictions/binarized/BMMC/DIRECTNET/cDC2.pairs.E2G.res.tsv.gz	/oak/stanford/groups/engreitz/Users/sheth/scE2G_analysis/2024_0623_CTS_predictions/binarized/BMMC/ArchR/cDC2.pairs.E2G.res.tsv.gz
BMMC22_Erythroblast	/oak/stanford/groups/engreitz/Users/sheth/sc-E2G/results/2024_0610_BMMC_qnorm/Erythroblast/multiome_7features/encode_e2g_predictions.tsv.gz	/oak/stanford/groups/engreitz/Users/sheth/sc-E2G/results/2024_0610_BMMC_qnorm/Erythroblast/scATAC_6features/encode_e2g_predictions.tsv.gz	/oak/stanford/groups/engreitz/Users/sheth/sc-E2G/results/2024_0610_BMMC_qnorm/Erythroblast/scATAC_6features/encode_e2g_predictions.tsv.gz	/oak/stanford/groups/engreitz/Users/sheth/sc-E2G/results/2024_0610_BMMC_qnorm/Erythroblast/scATAC_6features/encode_e2g_predictions.tsv.gz			/oak/stanford/groups/engreitz/Users/sheth/scE2G_analysis/2024_0623_CTS_predictions/BMMC22/SnapATAC/Erythroblast.pairs.E2G.res.tsv.gz	/oak/stanford/groups/engreitz/Users/sheth/scE2G_analysis/2024_0623_CTS_predictions/BMMC22/Signac/Erythroblast.pairs.E2G.res.tsv.gz	/oak/stanford/groups/engreitz/Users/sheth/scE2G_analysis/2024_0623_CTS_predictions/BMMC22/Cicero/Erythroblast.pairs.E2G.res.tsv.gz	/oak/stanford/groups/engreitz/Users/sheth/scE2G_analysis/2024_0623_CTS_predictions/BMMC22/FigR/Erythroblast.pairs.E2G.res.tsv.gz	/oak/stanford/groups/engreitz/Users/sheth/scE2G_analysis/2024_0623_CTS_predictions/BMMC22/ScenicPlus/Erythroblast.pairs.E2G.res.tsv.gz	/oak/stanford/groups/engreitz/Users/sheth/scE2G_analysis/2024_0623_CTS_predictions/binarized/BMMC/DIRECTNET/Erythroblast.pairs.E2G.res.tsv.gz	/oak/stanford/groups/engreitz/Users/sheth/scE2G_analysis/2024_0623_CTS_predictions/binarized/BMMC/ArchR/Erythroblast.pairs.E2G.res.tsv.gz
BMMC22_G_M_prog	/oak/stanford/groups/engreitz/Users/sheth/sc-E2G/results/2024_0610_BMMC_qnorm/G_M_prog/multiome_7features/encode_e2g_predictions.tsv.gz	/oak/stanford/groups/engreitz/Users/sheth/sc-E2G/results/2024_0610_BMMC_qnorm/G_M_prog/scATAC_6features/encode_e2g_predictions.tsv.gz	/oak/stanford/groups/engreitz/Users/sheth/sc-E2G/results/2024_0610_BMMC_qnorm/G_M_prog/scATAC_6features/encode_e2g_predictions.tsv.gz	/oak/stanford/groups/engreitz/Users/sheth/sc-E2G/results/2024_0610_BMMC_qnorm/G_M_prog/scATAC_6features/encode_e2g_predictions.tsv.gz			/oak/stanford/groups/engreitz/Users/sheth/scE2G_analysis/2024_0623_CTS_predictions/BMMC22/SnapATAC/G_M_prog.pairs.E2G.res.tsv.gz	/oak/stanford/groups/engreitz/Users/sheth/scE2G_analysis/2024_0623_CTS_predictions/BMMC22/Signac/G_M_prog.pairs.E2G.res.tsv.gz	/oak/stanford/groups/engreitz/Users/sheth/scE2G_analysis/2024_0623_CTS_predictions/BMMC22/Cicero/G_M_prog.pairs.E2G.res.tsv.gz	/oak/stanford/groups/engreitz/Users/sheth/scE2G_analysis/2024_0623_CTS_predictions/BMMC22/FigR/G_M_prog.pairs.E2G.res.tsv.gz	/oak/stanford/groups/engreitz/Users/sheth/scE2G_analysis/2024_0623_CTS_predictions/BMMC22/ScenicPlus/G_M_prog.pairs.E2G.res.tsv.gz	/oak/stanford/groups/engreitz/Users/sheth/scE2G_analysis/2024_0623_CTS_predictions/binarized/BMMC/DIRECTNET/G_M_prog.pairs.E2G.res.tsv.gz	/oak/stanford/groups/engreitz/Users/sheth/scE2G_analysis/2024_0623_CTS_predictions/binarized/BMMC/ArchR/G_M_prog.pairs.E2G.res.tsv.gz
BMMC22_HSC	/oak/stanford/groups/engreitz/Users/sheth/sc-E2G/results/2024_0610_BMMC_qnorm/HSC/multiome_7features/encode_e2g_predictions.tsv.gz	/oak/stanford/groups/engreitz/Users/sheth/sc-E2G/results/2024_0610_BMMC_qnorm/HSC/scATAC_6features/encode_e2g_predictions.tsv.gz	/oak/stanford/groups/engreitz/Users/sheth/sc-E2G/results/2024_0610_BMMC_qnorm/HSC/scATAC_6features/encode_e2g_predictions.tsv.gz	/oak/stanford/groups/engreitz/Users/sheth/sc-E2G/results/2024_0610_BMMC_qnorm/HSC/scATAC_6features/encode_e2g_predictions.tsv.gz			/oak/stanford/groups/engreitz/Users/sheth/scE2G_analysis/2024_0623_CTS_predictions/BMMC22/SnapATAC/HSC.pairs.E2G.res.tsv.gz	/oak/stanford/groups/engreitz/Users/sheth/scE2G_analysis/2024_0623_CTS_predictions/BMMC22/Signac/HSC.pairs.E2G.res.tsv.gz	/oak/stanford/groups/engreitz/Users/sheth/scE2G_analysis/2024_0623_CTS_predictions/BMMC22/Cicero/HSC.pairs.E2G.res.tsv.gz	/oak/stanford/groups/engreitz/Users/sheth/scE2G_analysis/2024_0623_CTS_predictions/BMMC22/FigR/HSC.pairs.E2G.res.tsv.gz	/oak/stanford/groups/engreitz/Users/sheth/scE2G_analysis/2024_0623_CTS_predictions/BMMC22/ScenicPlus/HSC.pairs.E2G.res.tsv.gz	/oak/stanford/groups/engreitz/Users/sheth/scE2G_analysis/2024_0623_CTS_predictions/binarized/BMMC/DIRECTNET/HSC.pairs.E2G.res.tsv.gz	/oak/stanford/groups/engreitz/Users/sheth/scE2G_analysis/2024_0623_CTS_predictions/binarized/BMMC/ArchR/HSC.pairs.E2G.res.tsv.gz
BMMC22_ID2_hi_myeloid_prog	/oak/stanford/groups/engreitz/Users/sheth/sc-E2G/results/2024_0610_BMMC_qnorm/ID2_hi_myeloid_prog/multiome_7features/encode_e2g_predictions.tsv.gz	/oak/stanford/groups/engreitz/Users/sheth/sc-E2G/results/2024_0610_BMMC_qnorm/ID2_hi_myeloid_prog/scATAC_6features/encode_e2g_predictions.tsv.gz	/oak/stanford/groups/engreitz/Users/sheth/sc-E2G/results/2024_0610_BMMC_qnorm/ID2_hi_myeloid_prog/scATAC_6features/encode_e2g_predictions.tsv.gz	/oak/stanford/groups/engreitz/Users/sheth/sc-E2G/results/2024_0610_BMMC_qnorm/ID2_hi_myeloid_prog/scATAC_6features/encode_e2g_predictions.tsv.gz									
BMMC22_ILC	/oak/stanford/groups/engreitz/Users/sheth/sc-E2G/results/2024_0610_BMMC_qnorm/ILC/multiome_7features/encode_e2g_predictions.tsv.gz	/oak/stanford/groups/engreitz/Users/sheth/sc-E2G/results/2024_0610_BMMC_qnorm/ILC/scATAC_6features/encode_e2g_predictions.tsv.gz	/oak/stanford/groups/engreitz/Users/sheth/sc-E2G/results/2024_0610_BMMC_qnorm/ILC/scATAC_6features/encode_e2g_predictions.tsv.gz	/oak/stanford/groups/engreitz/Users/sheth/sc-E2G/results/2024_0610_BMMC_qnorm/ILC/scATAC_6features/encode_e2g_predictions.tsv.gz			/oak/stanford/groups/engreitz/Users/sheth/scE2G_analysis/2024_0623_CTS_predictions/BMMC22/SnapATAC/ILC.pairs.E2G.res.tsv.gz	/oak/stanford/groups/engreitz/Users/sheth/scE2G_analysis/2024_0623_CTS_predictions/BMMC22/Signac/ILC.pairs.E2G.res.tsv.gz	/oak/stanford/groups/engreitz/Users/sheth/scE2G_analysis/2024_0623_CTS_predictions/BMMC22/Cicero/ILC.pairs.E2G.res.tsv.gz	/oak/stanford/groups/engreitz/Users/sheth/scE2G_analysis/2024_0623_CTS_predictions/BMMC22/FigR/ILC.pairs.E2G.res.tsv.gz	/oak/stanford/groups/engreitz/Users/sheth/scE2G_analysis/2024_0623_CTS_predictions/BMMC22/ScenicPlus/ILC.pairs.E2G.res.tsv.gz	/oak/stanford/groups/engreitz/Users/sheth/scE2G_analysis/2024_0623_CTS_predictions/binarized/BMMC/DIRECTNET/ILC.pairs.E2G.res.tsv.gz	/oak/stanford/groups/engreitz/Users/sheth/scE2G_analysis/2024_0623_CTS_predictions/binarized/BMMC/ArchR/ILC.pairs.E2G.res.tsv.gz
BMMC22_Lymph_prog	/oak/stanford/groups/engreitz/Users/sheth/sc-E2G/results/2024_0610_BMMC_qnorm/Lymph_prog/multiome_7features/encode_e2g_predictions.tsv.gz	/oak/stanford/groups/engreitz/Users/sheth/sc-E2G/results/2024_0610_BMMC_qnorm/Lymph_prog/scATAC_6features/encode_e2g_predictions.tsv.gz	/oak/stanford/groups/engreitz/Users/sheth/sc-E2G/results/2024_0610_BMMC_qnorm/Lymph_prog/scATAC_6features/encode_e2g_predictions.tsv.gz	/oak/stanford/groups/engreitz/Users/sheth/sc-E2G/results/2024_0610_BMMC_qnorm/Lymph_prog/scATAC_6features/encode_e2g_predictions.tsv.gz			/oak/stanford/groups/engreitz/Users/sheth/scE2G_analysis/2024_0623_CTS_predictions/BMMC22/SnapATAC/Lymph_prog.pairs.E2G.res.tsv.gz	/oak/stanford/groups/engreitz/Users/sheth/scE2G_analysis/2024_0623_CTS_predictions/BMMC22/Signac/Lymph_prog.pairs.E2G.res.tsv.gz	/oak/stanford/groups/engreitz/Users/sheth/scE2G_analysis/2024_0623_CTS_predictions/BMMC22/Cicero/Lymph_prog.pairs.E2G.res.tsv.gz	/oak/stanford/groups/engreitz/Users/sheth/scE2G_analysis/2024_0623_CTS_predictions/BMMC22/FigR/Lymph_prog.pairs.E2G.res.tsv.gz	/oak/stanford/groups/engreitz/Users/sheth/scE2G_analysis/2024_0623_CTS_predictions/BMMC22/ScenicPlus/Lymph_prog.pairs.E2G.res.tsv.gz	/oak/stanford/groups/engreitz/Users/sheth/scE2G_analysis/2024_0623_CTS_predictions/binarized/BMMC/DIRECTNET/Lymph_prog.pairs.E2G.res.tsv.gz	/oak/stanford/groups/engreitz/Users/sheth/scE2G_analysis/2024_0623_CTS_predictions/binarized/BMMC/ArchR/Lymph_prog.pairs.E2G.res.tsv.gz
BMMC22_MK_E_prog	/oak/stanford/groups/engreitz/Users/sheth/sc-E2G/results/2024_0610_BMMC_qnorm/MK_E_prog/multiome_7features/encode_e2g_predictions.tsv.gz	/oak/stanford/groups/engreitz/Users/sheth/sc-E2G/results/2024_0610_BMMC_qnorm/MK_E_prog/scATAC_6features/encode_e2g_predictions.tsv.gz	/oak/stanford/groups/engreitz/Users/sheth/sc-E2G/results/2024_0610_BMMC_qnorm/MK_E_prog/scATAC_6features/encode_e2g_predictions.tsv.gz	/oak/stanford/groups/engreitz/Users/sheth/sc-E2G/results/2024_0610_BMMC_qnorm/MK_E_prog/scATAC_6features/encode_e2g_predictions.tsv.gz			/oak/stanford/groups/engreitz/Users/sheth/scE2G_analysis/2024_0623_CTS_predictions/BMMC22/SnapATAC/MK_E_prog.pairs.E2G.res.tsv.gz	/oak/stanford/groups/engreitz/Users/sheth/scE2G_analysis/2024_0623_CTS_predictions/BMMC22/Signac/MK_E_prog.pairs.E2G.res.tsv.gz	/oak/stanford/groups/engreitz/Users/sheth/scE2G_analysis/2024_0623_CTS_predictions/BMMC22/Cicero/MK_E_prog.pairs.E2G.res.tsv.gz	/oak/stanford/groups/engreitz/Users/sheth/scE2G_analysis/2024_0623_CTS_predictions/BMMC22/FigR/MK_E_prog.pairs.E2G.res.tsv.gz	/oak/stanford/groups/engreitz/Users/sheth/scE2G_analysis/2024_0623_CTS_predictions/BMMC22/ScenicPlus/MK_E_prog.pairs.E2G.res.tsv.gz	/oak/stanford/groups/engreitz/Users/sheth/scE2G_analysis/2024_0623_CTS_predictions/binarized/BMMC/DIRECTNET/MK_E_prog.pairs.E2G.res.tsv.gz	/oak/stanford/groups/engreitz/Users/sheth/scE2G_analysis/2024_0623_CTS_predictions/binarized/BMMC/ArchR/MK_E_prog.pairs.E2G.res.tsv.gz
BMMC22_Naive_CD20_pos_B	/oak/stanford/groups/engreitz/Users/sheth/sc-E2G/results/2024_0610_BMMC_qnorm/Naive_CD20_pos_B/multiome_7features/encode_e2g_predictions.tsv.gz	/oak/stanford/groups/engreitz/Users/sheth/sc-E2G/results/2024_0610_BMMC_qnorm/Naive_CD20_pos_B/scATAC_6features/encode_e2g_predictions.tsv.gz	/oak/stanford/groups/engreitz/Users/sheth/sc-E2G/results/2024_0610_BMMC_qnorm/Naive_CD20_pos_B/scATAC_6features/encode_e2g_predictions.tsv.gz	/oak/stanford/groups/engreitz/Users/sheth/sc-E2G/results/2024_0610_BMMC_qnorm/Naive_CD20_pos_B/scATAC_6features/encode_e2g_predictions.tsv.gz			/oak/stanford/groups/engreitz/Users/sheth/scE2G_analysis/2024_0623_CTS_predictions/BMMC22/SnapATAC/Naive_CD20_pos_B.pairs.E2G.res.tsv.gz	/oak/stanford/groups/engreitz/Users/sheth/scE2G_analysis/2024_0623_CTS_predictions/BMMC22/Signac/Naive_CD20_pos_B.pairs.E2G.res.tsv.gz	/oak/stanford/groups/engreitz/Users/sheth/scE2G_analysis/2024_0623_CTS_predictions/BMMC22/Cicero/Naive_CD20_pos_B.pairs.E2G.res.tsv.gz	/oak/stanford/groups/engreitz/Users/sheth/scE2G_analysis/2024_0623_CTS_predictions/BMMC22/FigR/Naive_CD20_pos_B.pairs.E2G.res.tsv.gz	/oak/stanford/groups/engreitz/Users/sheth/scE2G_analysis/2024_0623_CTS_predictions/BMMC22/ScenicPlus/Naive_CD20_pos_B.pairs.E2G.res.tsv.gz	/oak/stanford/groups/engreitz/Users/sheth/scE2G_analysis/2024_0623_CTS_predictions/binarized/BMMC/DIRECTNET/Naive_CD20_pos_B.pairs.E2G.res.tsv.gz	/oak/stanford/groups/engreitz/Users/sheth/scE2G_analysis/2024_0623_CTS_predictions/binarized/BMMC/ArchR/Naive_CD20_pos_B.pairs.E2G.res.tsv.gz
BMMC22_NK	/oak/stanford/groups/engreitz/Users/sheth/sc-E2G/results/2024_0610_BMMC_qnorm/NK/multiome_7features/encode_e2g_predictions.tsv.gz	/oak/stanford/groups/engreitz/Users/sheth/sc-E2G/results/2024_0610_BMMC_qnorm/NK/scATAC_6features/encode_e2g_predictions.tsv.gz	/oak/stanford/groups/engreitz/Users/sheth/sc-E2G/results/2024_0610_BMMC_qnorm/NK/scATAC_6features/encode_e2g_predictions.tsv.gz	/oak/stanford/groups/engreitz/Users/sheth/sc-E2G/results/2024_0610_BMMC_qnorm/NK/scATAC_6features/encode_e2g_predictions.tsv.gz			/oak/stanford/groups/engreitz/Users/sheth/scE2G_analysis/2024_0623_CTS_predictions/BMMC22/SnapATAC/NK.pairs.E2G.res.tsv.gz	/oak/stanford/groups/engreitz/Users/sheth/scE2G_analysis/2024_0623_CTS_predictions/BMMC22/Signac/NK.pairs.E2G.res.tsv.gz	/oak/stanford/groups/engreitz/Users/sheth/scE2G_analysis/2024_0623_CTS_predictions/BMMC22/Cicero/NK.pairs.E2G.res.tsv.gz	/oak/stanford/groups/engreitz/Users/sheth/scE2G_analysis/2024_0623_CTS_predictions/BMMC22/FigR/NK.pairs.E2G.res.tsv.gz	/oak/stanford/groups/engreitz/Users/sheth/scE2G_analysis/2024_0623_CTS_predictions/BMMC22/ScenicPlus/NK.pairs.E2G.res.tsv.gz	/oak/stanford/groups/engreitz/Users/sheth/scE2G_analysis/2024_0623_CTS_predictions/binarized/BMMC/DIRECTNET/NK.pairs.E2G.res.tsv.gz	/oak/stanford/groups/engreitz/Users/sheth/scE2G_analysis/2024_0623_CTS_predictions/binarized/BMMC/ArchR/NK.pairs.E2G.res.tsv.gz
BMMC22_Normoblast	/oak/stanford/groups/engreitz/Users/sheth/sc-E2G/results/2024_0610_BMMC_qnorm/Normoblast/multiome_7features/encode_e2g_predictions.tsv.gz	/oak/stanford/groups/engreitz/Users/sheth/sc-E2G/results/2024_0610_BMMC_qnorm/Normoblast/scATAC_6features/encode_e2g_predictions.tsv.gz	/oak/stanford/groups/engreitz/Users/sheth/sc-E2G/results/2024_0610_BMMC_qnorm/Normoblast/scATAC_6features/encode_e2g_predictions.tsv.gz	/oak/stanford/groups/engreitz/Users/sheth/sc-E2G/results/2024_0610_BMMC_qnorm/Normoblast/scATAC_6features/encode_e2g_predictions.tsv.gz			/oak/stanford/groups/engreitz/Users/sheth/scE2G_analysis/2024_0623_CTS_predictions/BMMC22/SnapATAC/Normoblast.pairs.E2G.res.tsv.gz	/oak/stanford/groups/engreitz/Users/sheth/scE2G_analysis/2024_0623_CTS_predictions/BMMC22/Signac/Normoblast.pairs.E2G.res.tsv.gz	/oak/stanford/groups/engreitz/Users/sheth/scE2G_analysis/2024_0623_CTS_predictions/BMMC22/Cicero/Normoblast.pairs.E2G.res.tsv.gz	/oak/stanford/groups/engreitz/Users/sheth/scE2G_analysis/2024_0623_CTS_predictions/BMMC22/FigR/Normoblast.pairs.E2G.res.tsv.gz	/oak/stanford/groups/engreitz/Users/sheth/scE2G_analysis/2024_0623_CTS_predictions/BMMC22/ScenicPlus/Normoblast.pairs.E2G.res.tsv.gz	/oak/stanford/groups/engreitz/Users/sheth/scE2G_analysis/2024_0623_CTS_predictions/binarized/BMMC/DIRECTNET/Normoblast.pairs.E2G.res.tsv.gz	/oak/stanford/groups/engreitz/Users/sheth/scE2G_analysis/2024_0623_CTS_predictions/binarized/BMMC/ArchR/Normoblast.pairs.E2G.res.tsv.gz
BMMC22_pDC	/oak/stanford/groups/engreitz/Users/sheth/sc-E2G/results/2024_0610_BMMC_qnorm/pDC/multiome_7features/encode_e2g_predictions.tsv.gz	/oak/stanford/groups/engreitz/Users/sheth/sc-E2G/results/2024_0610_BMMC_qnorm/pDC/scATAC_6features/encode_e2g_predictions.tsv.gz	/oak/stanford/groups/engreitz/Users/sheth/sc-E2G/results/2024_0610_BMMC_qnorm/pDC/scATAC_6features/encode_e2g_predictions.tsv.gz	/oak/stanford/groups/engreitz/Users/sheth/sc-E2G/results/2024_0610_BMMC_qnorm/pDC/scATAC_6features/encode_e2g_predictions.tsv.gz			/oak/stanford/groups/engreitz/Users/sheth/scE2G_analysis/2024_0623_CTS_predictions/BMMC22/SnapATAC/pDC.pairs.E2G.res.tsv.gz	/oak/stanford/groups/engreitz/Users/sheth/scE2G_analysis/2024_0623_CTS_predictions/BMMC22/Signac/pDC.pairs.E2G.res.tsv.gz	/oak/stanford/groups/engreitz/Users/sheth/scE2G_analysis/2024_0623_CTS_predictions/BMMC22/Cicero/pDC.pairs.E2G.res.tsv.gz	/oak/stanford/groups/engreitz/Users/sheth/scE2G_analysis/2024_0623_CTS_predictions/BMMC22/FigR/pDC.pairs.E2G.res.tsv.gz	/oak/stanford/groups/engreitz/Users/sheth/scE2G_analysis/2024_0623_CTS_predictions/BMMC22/ScenicPlus/pDC.pairs.E2G.res.tsv.gz	/oak/stanford/groups/engreitz/Users/sheth/scE2G_analysis/2024_0623_CTS_predictions/binarized/BMMC/DIRECTNET/pDC.pairs.E2G.res.tsv.gz	/oak/stanford/groups/engreitz/Users/sheth/scE2G_analysis/2024_0623_CTS_predictions/binarized/BMMC/ArchR/pDC.pairs.E2G.res.tsv.gz
BMMC22_Plasma_cell	/oak/stanford/groups/engreitz/Users/sheth/sc-E2G/results/2024_0610_BMMC_qnorm/Plasma_cell/multiome_7features/encode_e2g_predictions.tsv.gz	/oak/stanford/groups/engreitz/Users/sheth/sc-E2G/results/2024_0610_BMMC_qnorm/Plasma_cell/scATAC_6features/encode_e2g_predictions.tsv.gz	/oak/stanford/groups/engreitz/Users/sheth/sc-E2G/results/2024_0610_BMMC_qnorm/Plasma_cell/scATAC_6features/encode_e2g_predictions.tsv.gz	/oak/stanford/groups/engreitz/Users/sheth/sc-E2G/results/2024_0610_BMMC_qnorm/Plasma_cell/scATAC_6features/encode_e2g_predictions.tsv.gz			/oak/stanford/groups/engreitz/Users/sheth/scE2G_analysis/2024_0623_CTS_predictions/BMMC22/SnapATAC/Plasma_cell.pairs.E2G.res.tsv.gz	/oak/stanford/groups/engreitz/Users/sheth/scE2G_analysis/2024_0623_CTS_predictions/BMMC22/Signac/Plasma_cell.pairs.E2G.res.tsv.gz	/oak/stanford/groups/engreitz/Users/sheth/scE2G_analysis/2024_0623_CTS_predictions/BMMC22/Cicero/Plasma_cell.pairs.E2G.res.tsv.gz	/oak/stanford/groups/engreitz/Users/sheth/scE2G_analysis/2024_0623_CTS_predictions/BMMC22/FigR/Plasma_cell.pairs.E2G.res.tsv.gz	/oak/stanford/groups/engreitz/Users/sheth/scE2G_analysis/2024_0623_CTS_predictions/BMMC22/ScenicPlus/Plasma_cell.pairs.E2G.res.tsv.gz	/oak/stanford/groups/engreitz/Users/sheth/scE2G_analysis/2024_0623_CTS_predictions/binarized/BMMC/DIRECTNET/Plasma_cell.pairs.E2G.res.tsv.gz	/oak/stanford/groups/engreitz/Users/sheth/scE2G_analysis/2024_0623_CTS_predictions/binarized/BMMC/ArchR/Plasma_cell.pairs.E2G.res.tsv.gz
BMMC22_Proerythroblast	/oak/stanford/groups/engreitz/Users/sheth/sc-E2G/results/2024_0610_BMMC_qnorm/Proerythroblast/multiome_7features/encode_e2g_predictions.tsv.gz	/oak/stanford/groups/engreitz/Users/sheth/sc-E2G/results/2024_0610_BMMC_qnorm/Proerythroblast/scATAC_6features/encode_e2g_predictions.tsv.gz	/oak/stanford/groups/engreitz/Users/sheth/sc-E2G/results/2024_0610_BMMC_qnorm/Proerythroblast/scATAC_6features/encode_e2g_predictions.tsv.gz	/oak/stanford/groups/engreitz/Users/sheth/sc-E2G/results/2024_0610_BMMC_qnorm/Proerythroblast/scATAC_6features/encode_e2g_predictions.tsv.gz			/oak/stanford/groups/engreitz/Users/sheth/scE2G_analysis/2024_0623_CTS_predictions/BMMC22/SnapATAC/Proerythroblast.pairs.E2G.res.tsv.gz	/oak/stanford/groups/engreitz/Users/sheth/scE2G_analysis/2024_0623_CTS_predictions/BMMC22/Signac/Proerythroblast.pairs.E2G.res.tsv.gz	/oak/stanford/groups/engreitz/Users/sheth/scE2G_analysis/2024_0623_CTS_predictions/BMMC22/Cicero/Proerythroblast.pairs.E2G.res.tsv.gz	/oak/stanford/groups/engreitz/Users/sheth/scE2G_analysis/2024_0623_CTS_predictions/BMMC22/FigR/Proerythroblast.pairs.E2G.res.tsv.gz	/oak/stanford/groups/engreitz/Users/sheth/scE2G_analysis/2024_0623_CTS_predictions/BMMC22/ScenicPlus/Proerythroblast.pairs.E2G.res.tsv.gz	/oak/stanford/groups/engreitz/Users/sheth/scE2G_analysis/2024_0623_CTS_predictions/binarized/BMMC/DIRECTNET/Proerythroblast.pairs.E2G.res.tsv.gz	/oak/stanford/groups/engreitz/Users/sheth/scE2G_analysis/2024_0623_CTS_predictions/binarized/BMMC/ArchR/Proerythroblast.pairs.E2G.res.tsv.gz
BMMC22_Transitional_B	/oak/stanford/groups/engreitz/Users/sheth/sc-E2G/results/2024_0610_BMMC_qnorm/Transitional_B/multiome_7features/encode_e2g_predictions.tsv.gz	/oak/stanford/groups/engreitz/Users/sheth/sc-E2G/results/2024_0610_BMMC_qnorm/Transitional_B/scATAC_6features/encode_e2g_predictions.tsv.gz	/oak/stanford/groups/engreitz/Users/sheth/sc-E2G/results/2024_0610_BMMC_qnorm/Transitional_B/scATAC_6features/encode_e2g_predictions.tsv.gz	/oak/stanford/groups/engreitz/Users/sheth/sc-E2G/results/2024_0610_BMMC_qnorm/Transitional_B/scATAC_6features/encode_e2g_predictions.tsv.gz			/oak/stanford/groups/engreitz/Users/sheth/scE2G_analysis/2024_0623_CTS_predictions/BMMC22/SnapATAC/Transitional_B.pairs.E2G.res.tsv.gz	/oak/stanford/groups/engreitz/Users/sheth/scE2G_analysis/2024_0623_CTS_predictions/BMMC22/Signac/Transitional_B.pairs.E2G.res.tsv.gz	/oak/stanford/groups/engreitz/Users/sheth/scE2G_analysis/2024_0623_CTS_predictions/BMMC22/Cicero/Transitional_B.pairs.E2G.res.tsv.gz	/oak/stanford/groups/engreitz/Users/sheth/scE2G_analysis/2024_0623_CTS_predictions/BMMC22/FigR/Transitional_B.pairs.E2G.res.tsv.gz	/oak/stanford/groups/engreitz/Users/sheth/scE2G_analysis/2024_0623_CTS_predictions/BMMC22/ScenicPlus/Transitional_B.pairs.E2G.res.tsv.gz	/oak/stanford/groups/engreitz/Users/sheth/scE2G_analysis/2024_0623_CTS_predictions/binarized/BMMC/DIRECTNET/Transitional_B.pairs.E2G.res.tsv.gz	/oak/stanford/groups/engreitz/Users/sheth/scE2G_analysis/2024_0623_CTS_predictions/binarized/BMMC/ArchR/Transitional_B.pairs.E2G.res.tsv.gz
PBMC5_B	/oak/stanford/groups/engreitz/Projects/scE2G/data/Genome_wide_1Mb_prediction/PBMC5/scE2G_ARC_ABC_Kendall/B/encode_e2g_predictions.multiome_7features.tsv.gz	/oak/stanford/groups/engreitz/Projects/scE2G/data/Genome_wide_1Mb_prediction/PBMC5/scE2G_ARC_ABC_Kendall/B/encode_e2g_predictions.scATAC_6features.tsv.gz	/oak/stanford/groups/engreitz/Projects/scE2G/data/Genome_wide_1Mb_prediction/PBMC5/scE2G_ARC_ABC_Kendall/B/encode_e2g_predictions.scATAC_6features.tsv.gz	/oak/stanford/groups/engreitz/Projects/scE2G/data/Genome_wide_1Mb_prediction/PBMC5/scE2G_ARC_ABC_Kendall/B/encode_e2g_predictions.scATAC_6features.tsv.gz	/oak/stanford/groups/engreitz/Projects/scE2G/data/Genome_wide_1Mb_prediction/PBMC5/STARE/B/pairs.STARE.res.B.tsv.gz	/oak/stanford/groups/engreitz/Projects/scE2G/data/Genome_wide_1Mb_prediction/PBMC5/SCENT/B/pairs.E2G.res.500.FDR.tsv.gz	/oak/stanford/groups/engreitz/Users/sheth/scE2G_analysis/2024_0623_CTS_predictions/PBMC5/SnapATAC/B.pairs.E2G.res.tsv.gz	/oak/stanford/groups/engreitz/Users/sheth/scE2G_analysis/2024_0623_CTS_predictions/PBMC5/Signac/B.pairs.E2G.res.tsv.gz	/oak/stanford/groups/engreitz/Users/sheth/scE2G_analysis/2024_0623_CTS_predictions/PBMC5/Cicero/B.pairs.E2G.res.tsv.gz	/oak/stanford/groups/engreitz/Users/sheth/scE2G_analysis/2024_0623_CTS_predictions/PBMC5/FigR/B.pairs.E2G.res.tsv.gz	/oak/stanford/groups/engreitz/Users/sheth/scE2G_analysis/2024_0623_CTS_predictions/PBMC5/ScenicPlus/B.pairs.E2G.res.tsv.gz	/oak/stanford/groups/engreitz/Users/sheth/scE2G_analysis/2024_0623_CTS_predictions/binarized/PBMC/DIRECTNET/PBMC5_B.pairs.E2G.res.tsv.gz	/oak/stanford/groups/engreitz/Users/sheth/scE2G_analysis/2024_0623_CTS_predictions/binarized/PBMC/ArchR/PBMC5_B.pairs.E2G.res.tsv.gz
PBMC5_DC	/oak/stanford/groups/engreitz/Projects/scE2G/data/Genome_wide_1Mb_prediction/PBMC5/scE2G_ARC_ABC_Kendall/DC/encode_e2g_predictions.multiome_7features.tsv.gz	/oak/stanford/groups/engreitz/Projects/scE2G/data/Genome_wide_1Mb_prediction/PBMC5/scE2G_ARC_ABC_Kendall/DC/encode_e2g_predictions.scATAC_6features.tsv.gz	/oak/stanford/groups/engreitz/Projects/scE2G/data/Genome_wide_1Mb_prediction/PBMC5/scE2G_ARC_ABC_Kendall/DC/encode_e2g_predictions.scATAC_6features.tsv.gz	/oak/stanford/groups/engreitz/Projects/scE2G/data/Genome_wide_1Mb_prediction/PBMC5/scE2G_ARC_ABC_Kendall/DC/encode_e2g_predictions.scATAC_6features.tsv.gz	/oak/stanford/groups/engreitz/Projects/scE2G/data/Genome_wide_1Mb_prediction/PBMC5/STARE/DC/pairs.STARE.res.DC.tsv.gz	/oak/stanford/groups/engreitz/Projects/scE2G/data/Genome_wide_1Mb_prediction/PBMC5/SCENT/DC/pairs.E2G.res.500.FDR.tsv.gz	/oak/stanford/groups/engreitz/Users/sheth/scE2G_analysis/2024_0623_CTS_predictions/PBMC5/SnapATAC/DC.pairs.E2G.res.tsv.gz	/oak/stanford/groups/engreitz/Users/sheth/scE2G_analysis/2024_0623_CTS_predictions/PBMC5/Signac/DC.pairs.E2G.res.tsv.gz	/oak/stanford/groups/engreitz/Users/sheth/scE2G_analysis/2024_0623_CTS_predictions/PBMC5/Cicero/DC.pairs.E2G.res.tsv.gz	/oak/stanford/groups/engreitz/Users/sheth/scE2G_analysis/2024_0623_CTS_predictions/PBMC5/FigR/DC.pairs.E2G.res.tsv.gz	/oak/stanford/groups/engreitz/Users/sheth/scE2G_analysis/2024_0623_CTS_predictions/PBMC5/ScenicPlus/DC.pairs.E2G.res.tsv.gz	/oak/stanford/groups/engreitz/Users/sheth/scE2G_analysis/2024_0623_CTS_predictions/binarized/PBMC/DIRECTNET/PBMC5_DC.pairs.E2G.res.tsv.gz	/oak/stanford/groups/engreitz/Users/sheth/scE2G_analysis/2024_0623_CTS_predictions/binarized/PBMC/ArchR/PBMC5_DC.pairs.E2G.res.tsv.gz
PBMC5_Mono	/oak/stanford/groups/engreitz/Projects/scE2G/data/Genome_wide_1Mb_prediction/PBMC5/scE2G_ARC_ABC_Kendall/Mono/encode_e2g_predictions.multiome_7features.tsv.gz	/oak/stanford/groups/engreitz/Projects/scE2G/data/Genome_wide_1Mb_prediction/PBMC5/scE2G_ARC_ABC_Kendall/Mono/encode_e2g_predictions.scATAC_6features.tsv.gz	/oak/stanford/groups/engreitz/Projects/scE2G/data/Genome_wide_1Mb_prediction/PBMC5/scE2G_ARC_ABC_Kendall/Mono/encode_e2g_predictions.scATAC_6features.tsv.gz	/oak/stanford/groups/engreitz/Projects/scE2G/data/Genome_wide_1Mb_prediction/PBMC5/scE2G_ARC_ABC_Kendall/Mono/encode_e2g_predictions.scATAC_6features.tsv.gz	/oak/stanford/groups/engreitz/Projects/scE2G/data/Genome_wide_1Mb_prediction/PBMC5/STARE/Mono/pairs.STARE.res.Mono.tsv.gz	/oak/stanford/groups/engreitz/Projects/scE2G/data/Genome_wide_1Mb_prediction/PBMC5/SCENT/Mono/pairs.E2G.res.500.FDR.tsv.gz	/oak/stanford/groups/engreitz/Users/sheth/scE2G_analysis/2024_0623_CTS_predictions/PBMC5/SnapATAC/Mono.pairs.E2G.res.tsv.gz	/oak/stanford/groups/engreitz/Users/sheth/scE2G_analysis/2024_0623_CTS_predictions/PBMC5/Signac/Mono.pairs.E2G.res.tsv.gz	/oak/stanford/groups/engreitz/Users/sheth/scE2G_analysis/2024_0623_CTS_predictions/PBMC5/Cicero/Mono.pairs.E2G.res.tsv.gz	/oak/stanford/groups/engreitz/Users/sheth/scE2G_analysis/2024_0623_CTS_predictions/PBMC5/FigR/Mono.pairs.E2G.res.tsv.gz	/oak/stanford/groups/engreitz/Users/sheth/scE2G_analysis/2024_0623_CTS_predictions/PBMC5/ScenicPlus/Mono.pairs.E2G.res.tsv.gz	/oak/stanford/groups/engreitz/Users/sheth/scE2G_analysis/2024_0623_CTS_predictions/binarized/PBMC/DIRECTNET/PBMC5_Mono.pairs.E2G.res.tsv.gz	/oak/stanford/groups/engreitz/Users/sheth/scE2G_analysis/2024_0623_CTS_predictions/binarized/PBMC/ArchR/PBMC5_Mono.pairs.E2G.res.tsv.gz
PBMC5_NK	/oak/stanford/groups/engreitz/Projects/scE2G/data/Genome_wide_1Mb_prediction/PBMC5/scE2G_ARC_ABC_Kendall/NK/encode_e2g_predictions.multiome_7features.tsv.gz	/oak/stanford/groups/engreitz/Projects/scE2G/data/Genome_wide_1Mb_prediction/PBMC5/scE2G_ARC_ABC_Kendall/NK/encode_e2g_predictions.scATAC_6features.tsv.gz	/oak/stanford/groups/engreitz/Projects/scE2G/data/Genome_wide_1Mb_prediction/PBMC5/scE2G_ARC_ABC_Kendall/NK/encode_e2g_predictions.scATAC_6features.tsv.gz	/oak/stanford/groups/engreitz/Projects/scE2G/data/Genome_wide_1Mb_prediction/PBMC5/scE2G_ARC_ABC_Kendall/NK/encode_e2g_predictions.scATAC_6features.tsv.gz	/oak/stanford/groups/engreitz/Projects/scE2G/data/Genome_wide_1Mb_prediction/PBMC5/STARE/NK/pairs.STARE.res.NK.tsv.gz	/oak/stanford/groups/engreitz/Projects/scE2G/data/Genome_wide_1Mb_prediction/PBMC5/SCENT/NK/pairs.E2G.res.500.FDR.tsv.gz	/oak/stanford/groups/engreitz/Users/sheth/scE2G_analysis/2024_0623_CTS_predictions/PBMC5/SnapATAC/NK.pairs.E2G.res.tsv.gz	/oak/stanford/groups/engreitz/Users/sheth/scE2G_analysis/2024_0623_CTS_predictions/PBMC5/Signac/NK.pairs.E2G.res.tsv.gz	/oak/stanford/groups/engreitz/Users/sheth/scE2G_analysis/2024_0623_CTS_predictions/PBMC5/Cicero/NK.pairs.E2G.res.tsv.gz	/oak/stanford/groups/engreitz/Users/sheth/scE2G_analysis/2024_0623_CTS_predictions/PBMC5/FigR/NK.pairs.E2G.res.tsv.gz	/oak/stanford/groups/engreitz/Users/sheth/scE2G_analysis/2024_0623_CTS_predictions/PBMC5/ScenicPlus/NK.pairs.E2G.res.tsv.gz	/oak/stanford/groups/engreitz/Users/sheth/scE2G_analysis/2024_0623_CTS_predictions/binarized/PBMC/DIRECTNET/PBMC5_NK.pairs.E2G.res.tsv.gz	/oak/stanford/groups/engreitz/Users/sheth/scE2G_analysis/2024_0623_CTS_predictions/binarized/PBMC/ArchR/PBMC5_NK.pairs.E2G.res.tsv.gz
PBMC5_T	/oak/stanford/groups/engreitz/Projects/scE2G/data/Genome_wide_1Mb_prediction/PBMC5/scE2G_ARC_ABC_Kendall/T/encode_e2g_predictions.multiome_7features.tsv.gz	/oak/stanford/groups/engreitz/Projects/scE2G/data/Genome_wide_1Mb_prediction/PBMC5/scE2G_ARC_ABC_Kendall/T/encode_e2g_predictions.scATAC_6features.tsv.gz	/oak/stanford/groups/engreitz/Projects/scE2G/data/Genome_wide_1Mb_prediction/PBMC5/scE2G_ARC_ABC_Kendall/T/encode_e2g_predictions.scATAC_6features.tsv.gz	/oak/stanford/groups/engreitz/Projects/scE2G/data/Genome_wide_1Mb_prediction/PBMC5/scE2G_ARC_ABC_Kendall/T/encode_e2g_predictions.scATAC_6features.tsv.gz	/oak/stanford/groups/engreitz/Projects/scE2G/data/Genome_wide_1Mb_prediction/PBMC5/STARE/T/pairs.STARE.res.T.tsv.gz	/oak/stanford/groups/engreitz/Projects/scE2G/data/Genome_wide_1Mb_prediction/PBMC5/SCENT/T/pairs.E2G.res.500.FDR.tsv.gz	/oak/stanford/groups/engreitz/Users/sheth/scE2G_analysis/2024_0623_CTS_predictions/PBMC5/SnapATAC/T.pairs.E2G.res.tsv.gz	/oak/stanford/groups/engreitz/Users/sheth/scE2G_analysis/2024_0623_CTS_predictions/PBMC5/Signac/T.pairs.E2G.res.tsv.gz	/oak/stanford/groups/engreitz/Users/sheth/scE2G_analysis/2024_0623_CTS_predictions/PBMC5/Cicero/T.pairs.E2G.res.tsv.gz	/oak/stanford/groups/engreitz/Users/sheth/scE2G_analysis/2024_0623_CTS_predictions/PBMC5/FigR/T.pairs.E2G.res.tsv.gz	/oak/stanford/groups/engreitz/Users/sheth/scE2G_analysis/2024_0623_CTS_predictions/PBMC5/ScenicPlus/T.pairs.E2G.res.tsv.gz	/oak/stanford/groups/engreitz/Users/sheth/scE2G_analysis/2024_0623_CTS_predictions/binarized/PBMC/DIRECTNET/PBMC5_T.pairs.E2G.res.tsv.gz	/oak/stanford/groups/engreitz/Users/sheth/scE2G_analysis/2024_0623_CTS_predictions/binarized/PBMC/ArchR/PBMC5_T.pairs.E2G.res.tsv.gz
PBMC_10_cDC	/oak/stanford/groups/engreitz/Projects/scE2G/data/Genome_wide_1Mb_prediction/PBMC9/scE2G_ARC_ABC_Kendall/10_cDC/encode_e2g_predictions.multiome_7features.tsv.gz	/oak/stanford/groups/engreitz/Projects/scE2G/data/Genome_wide_1Mb_prediction/PBMC9/scE2G_ARC_ABC_Kendall/10_cDC/encode_e2g_predictions.scATAC_6features.tsv.gz	/oak/stanford/groups/engreitz/Projects/scE2G/data/Genome_wide_1Mb_prediction/PBMC9/scE2G_ARC_ABC_Kendall/10_cDC/encode_e2g_predictions.scATAC_6features.tsv.gz	/oak/stanford/groups/engreitz/Projects/scE2G/data/Genome_wide_1Mb_prediction/PBMC9/scE2G_ARC_ABC_Kendall/10_cDC/encode_e2g_predictions.scATAC_6features.tsv.gz	/oak/stanford/groups/engreitz/Projects/scE2G/data/Genome_wide_1Mb_prediction/PBMC9/STARE/10_cDC/pairs.STARE.res.10_cDC.tsv.gz	/oak/stanford/groups/engreitz/Projects/scE2G/data/Genome_wide_1Mb_prediction/PBMC9/SCENT/10_cDC/pairs.E2G.res.500.FDR.tsv.gz	/oak/stanford/groups/engreitz/Users/sheth/scE2G_analysis/2024_0623_CTS_predictions/PBMC9/SnapATAC/10_cDC.pairs.E2G.res.tsv.gz	/oak/stanford/groups/engreitz/Users/sheth/scE2G_analysis/2024_0623_CTS_predictions/PBMC9/Signac/10_cDC.pairs.E2G.res.tsv.gz	/oak/stanford/groups/engreitz/Users/sheth/scE2G_analysis/2024_0623_CTS_predictions/PBMC9/Cicero/10_cDC.pairs.E2G.res.tsv.gz	/oak/stanford/groups/engreitz/Users/sheth/scE2G_analysis/2024_0623_CTS_predictions/PBMC9/FigR/10_cDC.pairs.E2G.res.tsv.gz	/oak/stanford/groups/engreitz/Users/sheth/scE2G_analysis/2024_0623_CTS_predictions/PBMC9/ScenicPlus/10_cDC.pairs.E2G.res.tsv.gz	/oak/stanford/groups/engreitz/Users/sheth/scE2G_analysis/2024_0623_CTS_predictions/binarized/PBMC/DIRECTNET/PBMC_10_cDC.pairs.E2G.res.tsv.gz	/oak/stanford/groups/engreitz/Users/sheth/scE2G_analysis/2024_0623_CTS_predictions/binarized/PBMC/ArchR/PBMC_10_cDC.pairs.E2G.res.tsv.gz
PBMC_11_CD14.Mono.1	/oak/stanford/groups/engreitz/Projects/scE2G/data/Genome_wide_1Mb_prediction/PBMC9/scE2G_ARC_ABC_Kendall/11_CD14.Mono.1/encode_e2g_predictions.multiome_7features.tsv.gz	/oak/stanford/groups/engreitz/Projects/scE2G/data/Genome_wide_1Mb_prediction/PBMC9/scE2G_ARC_ABC_Kendall/11_CD14.Mono.1/encode_e2g_predictions.scATAC_6features.tsv.gz	/oak/stanford/groups/engreitz/Projects/scE2G/data/Genome_wide_1Mb_prediction/PBMC9/scE2G_ARC_ABC_Kendall/11_CD14.Mono.1/encode_e2g_predictions.scATAC_6features.tsv.gz	/oak/stanford/groups/engreitz/Projects/scE2G/data/Genome_wide_1Mb_prediction/PBMC9/scE2G_ARC_ABC_Kendall/11_CD14.Mono.1/encode_e2g_predictions.scATAC_6features.tsv.gz	/oak/stanford/groups/engreitz/Projects/scE2G/data/Genome_wide_1Mb_prediction/PBMC9/STARE/11_CD14.Mono.1/pairs.STARE.res.11_CD14.Mono.1.tsv.gz	/oak/stanford/groups/engreitz/Projects/scE2G/data/Genome_wide_1Mb_prediction/PBMC9/SCENT/11_CD14.Mono.1/pairs.E2G.res.500.FDR.tsv.gz	/oak/stanford/groups/engreitz/Users/sheth/scE2G_analysis/2024_0623_CTS_predictions/PBMC9/SnapATAC/11_CD14.Mono.1.pairs.E2G.res.tsv.gz	/oak/stanford/groups/engreitz/Users/sheth/scE2G_analysis/2024_0623_CTS_predictions/PBMC9/Signac/11_CD14.Mono.1.pairs.E2G.res.tsv.gz	/oak/stanford/groups/engreitz/Users/sheth/scE2G_analysis/2024_0623_CTS_predictions/PBMC9/Cicero/11_CD14.Mono.1.pairs.E2G.res.tsv.gz	/oak/stanford/groups/engreitz/Users/sheth/scE2G_analysis/2024_0623_CTS_predictions/PBMC9/FigR/11_CD14.Mono.1.pairs.E2G.res.tsv.gz	/oak/stanford/groups/engreitz/Users/sheth/scE2G_analysis/2024_0623_CTS_predictions/PBMC9/ScenicPlus/11_CD14.Mono.1.pairs.E2G.res.tsv.gz	/oak/stanford/groups/engreitz/Users/sheth/scE2G_analysis/2024_0623_CTS_predictions/binarized/PBMC/DIRECTNET/PBMC_11_CD14.Mono.1.pairs.E2G.res.tsv.gz	/oak/stanford/groups/engreitz/Users/sheth/scE2G_analysis/2024_0623_CTS_predictions/binarized/PBMC/ArchR/PBMC_11_CD14.Mono.1.pairs.E2G.res.tsv.gz
PBMC_12_CD14.Mono.2	/oak/stanford/groups/engreitz/Projects/scE2G/data/Genome_wide_1Mb_prediction/PBMC9/scE2G_ARC_ABC_Kendall/12_CD14.Mono.2/encode_e2g_predictions.multiome_7features.tsv.gz	/oak/stanford/groups/engreitz/Projects/scE2G/data/Genome_wide_1Mb_prediction/PBMC9/scE2G_ARC_ABC_Kendall/12_CD14.Mono.2/encode_e2g_predictions.scATAC_6features.tsv.gz	/oak/stanford/groups/engreitz/Projects/scE2G/data/Genome_wide_1Mb_prediction/PBMC9/scE2G_ARC_ABC_Kendall/12_CD14.Mono.2/encode_e2g_predictions.scATAC_6features.tsv.gz	/oak/stanford/groups/engreitz/Projects/scE2G/data/Genome_wide_1Mb_prediction/PBMC9/scE2G_ARC_ABC_Kendall/12_CD14.Mono.2/encode_e2g_predictions.scATAC_6features.tsv.gz	/oak/stanford/groups/engreitz/Projects/scE2G/data/Genome_wide_1Mb_prediction/PBMC9/STARE/12_CD14.Mono.2/pairs.STARE.res.12_CD14.Mono.2.tsv.gz	/oak/stanford/groups/engreitz/Projects/scE2G/data/Genome_wide_1Mb_prediction/PBMC9/SCENT/12_CD14.Mono.2/pairs.E2G.res.500.FDR.tsv.gz	/oak/stanford/groups/engreitz/Users/sheth/scE2G_analysis/2024_0623_CTS_predictions/PBMC9/SnapATAC/12_CD14.Mono.2.pairs.E2G.res.tsv.gz	/oak/stanford/groups/engreitz/Users/sheth/scE2G_analysis/2024_0623_CTS_predictions/PBMC9/Signac/12_CD14.Mono.2.pairs.E2G.res.tsv.gz	/oak/stanford/groups/engreitz/Users/sheth/scE2G_analysis/2024_0623_CTS_predictions/PBMC9/Cicero/12_CD14.Mono.2.pairs.E2G.res.tsv.gz	/oak/stanford/groups/engreitz/Users/sheth/scE2G_analysis/2024_0623_CTS_predictions/PBMC9/FigR/12_CD14.Mono.2.pairs.E2G.res.tsv.gz	/oak/stanford/groups/engreitz/Users/sheth/scE2G_analysis/2024_0623_CTS_predictions/PBMC9/ScenicPlus/12_CD14.Mono.2.pairs.E2G.res.tsv.gz	/oak/stanford/groups/engreitz/Users/sheth/scE2G_analysis/2024_0623_CTS_predictions/binarized/PBMC/DIRECTNET/PBMC_12_CD14.Mono.2.pairs.E2G.res.tsv.gz	/oak/stanford/groups/engreitz/Users/sheth/scE2G_analysis/2024_0623_CTS_predictions/binarized/PBMC/ArchR/PBMC_12_CD14.Mono.2.pairs.E2G.res.tsv.gz
PBMC_13_CD16.Mono	/oak/stanford/groups/engreitz/Projects/scE2G/data/Genome_wide_1Mb_prediction/PBMC9/scE2G_ARC_ABC_Kendall/13_CD16.Mono/encode_e2g_predictions.multiome_7features.tsv.gz	/oak/stanford/groups/engreitz/Projects/scE2G/data/Genome_wide_1Mb_prediction/PBMC9/scE2G_ARC_ABC_Kendall/13_CD16.Mono/encode_e2g_predictions.scATAC_6features.tsv.gz	/oak/stanford/groups/engreitz/Projects/scE2G/data/Genome_wide_1Mb_prediction/PBMC9/scE2G_ARC_ABC_Kendall/13_CD16.Mono/encode_e2g_predictions.scATAC_6features.tsv.gz	/oak/stanford/groups/engreitz/Projects/scE2G/data/Genome_wide_1Mb_prediction/PBMC9/scE2G_ARC_ABC_Kendall/13_CD16.Mono/encode_e2g_predictions.scATAC_6features.tsv.gz	/oak/stanford/groups/engreitz/Projects/scE2G/data/Genome_wide_1Mb_prediction/PBMC9/STARE/13_CD16.Mono/pairs.STARE.res.13_CD16.Mono.tsv.gz	/oak/stanford/groups/engreitz/Projects/scE2G/data/Genome_wide_1Mb_prediction/PBMC9/SCENT/13_CD16.Mono/pairs.E2G.res.500.FDR.tsv.gz	/oak/stanford/groups/engreitz/Users/sheth/scE2G_analysis/2024_0623_CTS_predictions/PBMC9/SnapATAC/13_CD16.Mono.pairs.E2G.res.tsv.gz	/oak/stanford/groups/engreitz/Users/sheth/scE2G_analysis/2024_0623_CTS_predictions/PBMC9/Signac/13_CD16.Mono.pairs.E2G.res.tsv.gz	/oak/stanford/groups/engreitz/Users/sheth/scE2G_analysis/2024_0623_CTS_predictions/PBMC9/Cicero/13_CD16.Mono.pairs.E2G.res.tsv.gz	/oak/stanford/groups/engreitz/Users/sheth/scE2G_analysis/2024_0623_CTS_predictions/PBMC9/FigR/13_CD16.Mono.pairs.E2G.res.tsv.gz	/oak/stanford/groups/engreitz/Users/sheth/scE2G_analysis/2024_0623_CTS_predictions/PBMC9/ScenicPlus/13_CD16.Mono.pairs.E2G.res.tsv.gz	/oak/stanford/groups/engreitz/Users/sheth/scE2G_analysis/2024_0623_CTS_predictions/binarized/PBMC/DIRECTNET/PBMC_13_CD16.Mono.pairs.E2G.res.tsv.gz	/oak/stanford/groups/engreitz/Users/sheth/scE2G_analysis/2024_0623_CTS_predictions/binarized/PBMC/ArchR/PBMC_13_CD16.Mono.pairs.E2G.res.tsv.gz
PBMC_17_B	/oak/stanford/groups/engreitz/Projects/scE2G/data/Genome_wide_1Mb_prediction/PBMC9/scE2G_ARC_ABC_Kendall/17_B/encode_e2g_predictions.multiome_7features.tsv.gz	/oak/stanford/groups/engreitz/Projects/scE2G/data/Genome_wide_1Mb_prediction/PBMC9/scE2G_ARC_ABC_Kendall/17_B/encode_e2g_predictions.scATAC_6features.tsv.gz	/oak/stanford/groups/engreitz/Projects/scE2G/data/Genome_wide_1Mb_prediction/PBMC9/scE2G_ARC_ABC_Kendall/17_B/encode_e2g_predictions.scATAC_6features.tsv.gz	/oak/stanford/groups/engreitz/Projects/scE2G/data/Genome_wide_1Mb_prediction/PBMC9/scE2G_ARC_ABC_Kendall/17_B/encode_e2g_predictions.scATAC_6features.tsv.gz	/oak/stanford/groups/engreitz/Projects/scE2G/data/Genome_wide_1Mb_prediction/PBMC9/STARE/17_B/pairs.STARE.res.17_B.tsv.gz	/oak/stanford/groups/engreitz/Projects/scE2G/data/Genome_wide_1Mb_prediction/PBMC9/SCENT/17_B/pairs.E2G.res.500.FDR.tsv.gz	/oak/stanford/groups/engreitz/Users/sheth/scE2G_analysis/2024_0623_CTS_predictions/PBMC9/SnapATAC/17_B.pairs.E2G.res.tsv.gz	/oak/stanford/groups/engreitz/Users/sheth/scE2G_analysis/2024_0623_CTS_predictions/PBMC9/Signac/17_B.pairs.E2G.res.tsv.gz	/oak/stanford/groups/engreitz/Users/sheth/scE2G_analysis/2024_0623_CTS_predictions/PBMC9/Cicero/17_B.pairs.E2G.res.tsv.gz	/oak/stanford/groups/engreitz/Users/sheth/scE2G_analysis/2024_0623_CTS_predictions/PBMC9/FigR/17_B.pairs.E2G.res.tsv.gz	/oak/stanford/groups/engreitz/Users/sheth/scE2G_analysis/2024_0623_CTS_predictions/PBMC9/ScenicPlus/17_B.pairs.E2G.res.tsv.gz	/oak/stanford/groups/engreitz/Users/sheth/scE2G_analysis/2024_0623_CTS_predictions/binarized/PBMC/DIRECTNET/PBMC_17_B.pairs.E2G.res.tsv.gz	/oak/stanford/groups/engreitz/Users/sheth/scE2G_analysis/2024_0623_CTS_predictions/binarized/PBMC/ArchR/PBMC_17_B.pairs.E2G.res.tsv.gz
PBMC_20_CD4.N1	/oak/stanford/groups/engreitz/Projects/scE2G/data/Genome_wide_1Mb_prediction/PBMC9/scE2G_ARC_ABC_Kendall/20_CD4.N1/encode_e2g_predictions.multiome_7features.tsv.gz	/oak/stanford/groups/engreitz/Projects/scE2G/data/Genome_wide_1Mb_prediction/PBMC9/scE2G_ARC_ABC_Kendall/20_CD4.N1/encode_e2g_predictions.scATAC_6features.tsv.gz	/oak/stanford/groups/engreitz/Projects/scE2G/data/Genome_wide_1Mb_prediction/PBMC9/scE2G_ARC_ABC_Kendall/20_CD4.N1/encode_e2g_predictions.scATAC_6features.tsv.gz	/oak/stanford/groups/engreitz/Projects/scE2G/data/Genome_wide_1Mb_prediction/PBMC9/scE2G_ARC_ABC_Kendall/20_CD4.N1/encode_e2g_predictions.scATAC_6features.tsv.gz	/oak/stanford/groups/engreitz/Projects/scE2G/data/Genome_wide_1Mb_prediction/PBMC9/STARE/20_CD4.N1/pairs.STARE.res.20_CD4.N1.tsv.gz	/oak/stanford/groups/engreitz/Projects/scE2G/data/Genome_wide_1Mb_prediction/PBMC9/SCENT/20_CD4.N1/pairs.E2G.res.500.FDR.tsv.gz	/oak/stanford/groups/engreitz/Users/sheth/scE2G_analysis/2024_0623_CTS_predictions/PBMC9/SnapATAC/20_CD4.N1.pairs.E2G.res.tsv.gz	/oak/stanford/groups/engreitz/Users/sheth/scE2G_analysis/2024_0623_CTS_predictions/PBMC9/Signac/20_CD4.N1.pairs.E2G.res.tsv.gz	/oak/stanford/groups/engreitz/Users/sheth/scE2G_analysis/2024_0623_CTS_predictions/PBMC9/Cicero/20_CD4.N1.pairs.E2G.res.tsv.gz	/oak/stanford/groups/engreitz/Users/sheth/scE2G_analysis/2024_0623_CTS_predictions/PBMC9/FigR/20_CD4.N1.pairs.E2G.res.tsv.gz	/oak/stanford/groups/engreitz/Users/sheth/scE2G_analysis/2024_0623_CTS_predictions/PBMC9/ScenicPlus/20_CD4.N1.pairs.E2G.res.tsv.gz	/oak/stanford/groups/engreitz/Users/sheth/scE2G_analysis/2024_0623_CTS_predictions/binarized/PBMC/DIRECTNET/PBMC_20_CD4.N1.pairs.E2G.res.tsv.gz	/oak/stanford/groups/engreitz/Users/sheth/scE2G_analysis/2024_0623_CTS_predictions/binarized/PBMC/ArchR/PBMC_20_CD4.N1.pairs.E2G.res.tsv.gz
PBMC_22_CD4.M	/oak/stanford/groups/engreitz/Projects/scE2G/data/Genome_wide_1Mb_prediction/PBMC9/scE2G_ARC_ABC_Kendall/22_CD4.M/encode_e2g_predictions.multiome_7features.tsv.gz	/oak/stanford/groups/engreitz/Projects/scE2G/data/Genome_wide_1Mb_prediction/PBMC9/scE2G_ARC_ABC_Kendall/22_CD4.M/encode_e2g_predictions.scATAC_6features.tsv.gz	/oak/stanford/groups/engreitz/Projects/scE2G/data/Genome_wide_1Mb_prediction/PBMC9/scE2G_ARC_ABC_Kendall/22_CD4.M/encode_e2g_predictions.scATAC_6features.tsv.gz	/oak/stanford/groups/engreitz/Projects/scE2G/data/Genome_wide_1Mb_prediction/PBMC9/scE2G_ARC_ABC_Kendall/22_CD4.M/encode_e2g_predictions.scATAC_6features.tsv.gz	/oak/stanford/groups/engreitz/Projects/scE2G/data/Genome_wide_1Mb_prediction/PBMC9/STARE/22_CD4.M/pairs.STARE.res.22_CD4.M.tsv.gz	/oak/stanford/groups/engreitz/Projects/scE2G/data/Genome_wide_1Mb_prediction/PBMC9/SCENT/22_CD4.M/pairs.E2G.res.500.FDR.tsv.gz	/oak/stanford/groups/engreitz/Users/sheth/scE2G_analysis/2024_0623_CTS_predictions/PBMC9/SnapATAC/22_CD4.M.pairs.E2G.res.tsv.gz	/oak/stanford/groups/engreitz/Users/sheth/scE2G_analysis/2024_0623_CTS_predictions/PBMC9/Signac/22_CD4.M.pairs.E2G.res.tsv.gz	/oak/stanford/groups/engreitz/Users/sheth/scE2G_analysis/2024_0623_CTS_predictions/PBMC9/Cicero/22_CD4.M.pairs.E2G.res.tsv.gz	/oak/stanford/groups/engreitz/Users/sheth/scE2G_analysis/2024_0623_CTS_predictions/PBMC9/FigR/22_CD4.M.pairs.E2G.res.tsv.gz	/oak/stanford/groups/engreitz/Users/sheth/scE2G_analysis/2024_0623_CTS_predictions/PBMC9/ScenicPlus/22_CD4.M.pairs.E2G.res.tsv.gz	/oak/stanford/groups/engreitz/Users/sheth/scE2G_analysis/2024_0623_CTS_predictions/binarized/PBMC/DIRECTNET/PBMC_22_CD4.M.pairs.E2G.res.tsv.gz	/oak/stanford/groups/engreitz/Users/sheth/scE2G_analysis/2024_0623_CTS_predictions/binarized/PBMC/ArchR/PBMC_22_CD4.M.pairs.E2G.res.tsv.gz
PBMC_24_CD8.CM	/oak/stanford/groups/engreitz/Projects/scE2G/data/Genome_wide_1Mb_prediction/PBMC9/scE2G_ARC_ABC_Kendall/24_CD8.CM/encode_e2g_predictions.multiome_7features.tsv.gz	/oak/stanford/groups/engreitz/Projects/scE2G/data/Genome_wide_1Mb_prediction/PBMC9/scE2G_ARC_ABC_Kendall/24_CD8.CM/encode_e2g_predictions.scATAC_6features.tsv.gz	/oak/stanford/groups/engreitz/Projects/scE2G/data/Genome_wide_1Mb_prediction/PBMC9/scE2G_ARC_ABC_Kendall/24_CD8.CM/encode_e2g_predictions.scATAC_6features.tsv.gz	/oak/stanford/groups/engreitz/Projects/scE2G/data/Genome_wide_1Mb_prediction/PBMC9/scE2G_ARC_ABC_Kendall/24_CD8.CM/encode_e2g_predictions.scATAC_6features.tsv.gz	/oak/stanford/groups/engreitz/Projects/scE2G/data/Genome_wide_1Mb_prediction/PBMC9/STARE/24_CD8.CM/pairs.STARE.res.24_CD8.CM.tsv.gz	/oak/stanford/groups/engreitz/Projects/scE2G/data/Genome_wide_1Mb_prediction/PBMC9/SCENT/24_CD8.CM/pairs.E2G.res.500.FDR.tsv.gz	/oak/stanford/groups/engreitz/Users/sheth/scE2G_analysis/2024_0623_CTS_predictions/PBMC9/SnapATAC/24_CD8.CM.pairs.E2G.res.tsv.gz	/oak/stanford/groups/engreitz/Users/sheth/scE2G_analysis/2024_0623_CTS_predictions/PBMC9/Signac/24_CD8.CM.pairs.E2G.res.tsv.gz	/oak/stanford/groups/engreitz/Users/sheth/scE2G_analysis/2024_0623_CTS_predictions/PBMC9/Cicero/24_CD8.CM.pairs.E2G.res.tsv.gz	/oak/stanford/groups/engreitz/Users/sheth/scE2G_analysis/2024_0623_CTS_predictions/PBMC9/FigR/24_CD8.CM.pairs.E2G.res.tsv.gz	/oak/stanford/groups/engreitz/Users/sheth/scE2G_analysis/2024_0623_CTS_predictions/PBMC9/ScenicPlus/24_CD8.CM.pairs.E2G.res.tsv.gz	/oak/stanford/groups/engreitz/Users/sheth/scE2G_analysis/2024_0623_CTS_predictions/binarized/PBMC/DIRECTNET/PBMC_24_CD8.CM.pairs.E2G.res.tsv.gz	/oak/stanford/groups/engreitz/Users/sheth/scE2G_analysis/2024_0623_CTS_predictions/binarized/PBMC/ArchR/PBMC_24_CD8.CM.pairs.E2G.res.tsv.gz
PBMC_25_NK	/oak/stanford/groups/engreitz/Projects/scE2G/data/Genome_wide_1Mb_prediction/PBMC9/scE2G_ARC_ABC_Kendall/25_NK/encode_e2g_predictions.multiome_7features.tsv.gz	/oak/stanford/groups/engreitz/Projects/scE2G/data/Genome_wide_1Mb_prediction/PBMC9/scE2G_ARC_ABC_Kendall/25_NK/encode_e2g_predictions.scATAC_6features.tsv.gz	/oak/stanford/groups/engreitz/Projects/scE2G/data/Genome_wide_1Mb_prediction/PBMC9/scE2G_ARC_ABC_Kendall/25_NK/encode_e2g_predictions.scATAC_6features.tsv.gz	/oak/stanford/groups/engreitz/Projects/scE2G/data/Genome_wide_1Mb_prediction/PBMC9/scE2G_ARC_ABC_Kendall/25_NK/encode_e2g_predictions.scATAC_6features.tsv.gz	/oak/stanford/groups/engreitz/Projects/scE2G/data/Genome_wide_1Mb_prediction/PBMC9/STARE/25_NK/pairs.STARE.res.25_NK.tsv.gz	/oak/stanford/groups/engreitz/Projects/scE2G/data/Genome_wide_1Mb_prediction/PBMC9/SCENT/25_NK/pairs.E2G.res.500.FDR.tsv.gz	/oak/stanford/groups/engreitz/Users/sheth/scE2G_analysis/2024_0623_CTS_predictions/PBMC9/SnapATAC/25_NK.pairs.E2G.res.tsv.gz	/oak/stanford/groups/engreitz/Users/sheth/scE2G_analysis/2024_0623_CTS_predictions/PBMC9/Signac/25_NK.pairs.E2G.res.tsv.gz	/oak/stanford/groups/engreitz/Users/sheth/scE2G_analysis/2024_0623_CTS_predictions/PBMC9/Cicero/25_NK.pairs.E2G.res.tsv.gz	/oak/stanford/groups/engreitz/Users/sheth/scE2G_analysis/2024_0623_CTS_predictions/PBMC9/FigR/25_NK.pairs.E2G.res.tsv.gz	/oak/stanford/groups/engreitz/Users/sheth/scE2G_analysis/2024_0623_CTS_predictions/PBMC9/ScenicPlus/25_NK.pairs.E2G.res.tsv.gz	/oak/stanford/groups/engreitz/Users/sheth/scE2G_analysis/2024_0623_CTS_predictions/binarized/PBMC/DIRECTNET/PBMC_25_NK.pairs.E2G.res.tsv.gz	/oak/stanford/groups/engreitz/Users/sheth/scE2G_analysis/2024_0623_CTS_predictions/binarized/PBMC/ArchR/PBMC_25_NK.pairs.E2G.res.tsv.gz
Islets_beta	/oak/stanford/groups/engreitz/Projects/scE2G/data/Islets_scE2G/Islets/beta.multiome_7features/multiome_7features/encode_e2g_predictions.tsv.gz	/oak/stanford/groups/engreitz/Projects/scE2G/data/Islets_scE2G/Islets/beta.scATAC_6features/scATAC_6features/encode_e2g_predictions.tsv.gz	/oak/stanford/groups/engreitz/Projects/scE2G/data/Islets_scE2G/Islets/beta.scATAC_6features/scATAC_6features/encode_e2g_predictions.tsv.gz	/oak/stanford/groups/engreitz/Projects/scE2G/data/Islets_scE2G/Islets/beta.scATAC_6features/scATAC_6features/encode_e2g_predictions.tsv.gz									
Islets_alpha	/oak/stanford/groups/engreitz/Projects/scE2G/data/Islets_scE2G/Islets/alpha.multiome_7features/multiome_7features/encode_e2g_predictions.tsv.gz	/oak/stanford/groups/engreitz/Projects/scE2G/data/Islets_scE2G/Islets/alpha.scATAC_6features/scATAC_6features/encode_e2g_predictions.tsv.gz	/oak/stanford/groups/engreitz/Projects/scE2G/data/Islets_scE2G/Islets/alpha.scATAC_6features/scATAC_6features/encode_e2g_predictions.tsv.gz	/oak/stanford/groups/engreitz/Projects/scE2G/data/Islets_scE2G/Islets/alpha.scATAC_6features/scATAC_6features/encode_e2g_predictions.tsv.gz									
Islets_delta	/oak/stanford/groups/engreitz/Projects/scE2G/data/Islets_scE2G/Islets/delta.multiome_7features/multiome_7features/encode_e2g_predictions.tsv.gz	/oak/stanford/groups/engreitz/Projects/scE2G/data/Islets_scE2G/Islets/delta.scATAC_6features/scATAC_6features/encode_e2g_predictions.tsv.gz	/oak/stanford/groups/engreitz/Projects/scE2G/data/Islets_scE2G/Islets/delta.scATAC_6features/scATAC_6features/encode_e2g_predictions.tsv.gz	/oak/stanford/groups/engreitz/Projects/scE2G/data/Islets_scE2G/Islets/delta.scATAC_6features/scATAC_6features/encode_e2g_predictions.tsv.gz									
Islets_PP	/oak/stanford/groups/engreitz/Projects/scE2G/data/Islets_scE2G/Islets/PP.multiome_7features/multiome_7features/encode_e2g_predictions.tsv.gz	/oak/stanford/groups/engreitz/Projects/scE2G/data/Islets_scE2G/Islets/PP.scATAC_6features/scATAC_6features/encode_e2g_predictions.tsv.gz	/oak/stanford/groups/engreitz/Projects/scE2G/data/Islets_scE2G/Islets/PP.scATAC_6features/scATAC_6features/encode_e2g_predictions.tsv.gz	/oak/stanford/groups/engreitz/Projects/scE2G/data/Islets_scE2G/Islets/PP.scATAC_6features/scATAC_6features/encode_e2g_predictions.tsv.gz									
Islets_acinar	/oak/stanford/groups/engreitz/Projects/scE2G/data/Islets_scE2G/Islets/acinar.multiome_7features/multiome_7features/encode_e2g_predictions.tsv.gz	/oak/stanford/groups/engreitz/Projects/scE2G/data/Islets_scE2G/Islets/acinar.scATAC_6features/scATAC_6features/encode_e2g_predictions.tsv.gz	/oak/stanford/groups/engreitz/Projects/scE2G/data/Islets_scE2G/Islets/acinar.scATAC_6features/scATAC_6features/encode_e2g_predictions.tsv.gz	/oak/stanford/groups/engreitz/Projects/scE2G/data/Islets_scE2G/Islets/acinar.scATAC_6features/scATAC_6features/encode_e2g_predictions.tsv.gz									
Islets_duct	/oak/stanford/groups/engreitz/Projects/scE2G/data/Islets_scE2G/Islets/duct.multiome_7features/multiome_7features/encode_e2g_predictions.tsv.gz	/oak/stanford/groups/engreitz/Projects/scE2G/data/Islets_scE2G/Islets/duct.scATAC_6features/scATAC_6features/encode_e2g_predictions.tsv.gz	/oak/stanford/groups/engreitz/Projects/scE2G/data/Islets_scE2G/Islets/duct.scATAC_6features/scATAC_6features/encode_e2g_predictions.tsv.gz	/oak/stanford/groups/engreitz/Projects/scE2G/data/Islets_scE2G/Islets/duct.scATAC_6features/scATAC_6features/encode_e2g_predictions.tsv.gz									
Islets_endothelial	/oak/stanford/groups/engreitz/Projects/scE2G/data/Islets_scE2G/Islets/endothelial.multiome_7features/multiome_7features/encode_e2g_predictions.tsv.gz	/oak/stanford/groups/engreitz/Projects/scE2G/data/Islets_scE2G/Islets/endothelial.scATAC_6features/scATAC_6features/encode_e2g_predictions.tsv.gz	/oak/stanford/groups/engreitz/Projects/scE2G/data/Islets_scE2G/Islets/endothelial.scATAC_6features/scATAC_6features/encode_e2g_predictions.tsv.gz	/oak/stanford/groups/engreitz/Projects/scE2G/data/Islets_scE2G/Islets/endothelial.scATAC_6features/scATAC_6features/encode_e2g_predictions.tsv.gz									
Islets_immune	/oak/stanford/groups/engreitz/Projects/scE2G/data/Islets_scE2G/Islets/immune.multiome_7features/multiome_7features/encode_e2g_predictions.tsv.gz	/oak/stanford/groups/engreitz/Projects/scE2G/data/Islets_scE2G/Islets/immune.scATAC_6features/scATAC_6features/encode_e2g_predictions.tsv.gz	/oak/stanford/groups/engreitz/Projects/scE2G/data/Islets_scE2G/Islets/immune.scATAC_6features/scATAC_6features/encode_e2g_predictions.tsv.gz	/oak/stanford/groups/engreitz/Projects/scE2G/data/Islets_scE2G/Islets/immune.scATAC_6features/scATAC_6features/encode_e2g_predictions.tsv.gz									
Islets_mesenchymal	/oak/stanford/groups/engreitz/Projects/scE2G/data/Islets_scE2G/Islets/mesenchymal.multiome_7features/multiome_7features/encode_e2g_predictions.tsv.gz	/oak/stanford/groups/engreitz/Projects/scE2G/data/Islets_scE2G/Islets/mesenchymal.scATAC_6features/scATAC_6features/encode_e2g_predictions.tsv.gz	/oak/stanford/groups/engreitz/Projects/scE2G/data/Islets_scE2G/Islets/mesenchymal.scATAC_6features/scATAC_6features/encode_e2g_predictions.tsv.gz	/oak/stanford/groups/engreitz/Projects/scE2G/data/Islets_scE2G/Islets/mesenchymal.scATAC_6features/scATAC_6features/encode_e2g_predictions.tsv.gz									